,Date,Open,High,Low,Close,Adj Close,Volume
0,"Oct 18, 2024",97.01,97.54,96.05,97.36,97.36,"4,483,474"
1,"Oct 17, 2024",96.93,97.33,95.61,96.54,96.54,"9,535,800"
2,"Oct 16, 2024",93.73,96.79,93.63,96.75,96.75,"9,936,300"
3,"Oct 15, 2024",95.25,95.65,93.68,94.22,94.22,"6,535,800"
4,"Oct 14, 2024",94.18,95.19,93.80,94.97,94.97,"6,262,000"
5,"Oct 11, 2024",92.85,94.61,92.80,94.13,94.13,"8,089,100"
6,"Oct 10, 2024",93.72,93.88,92.69,92.99,92.99,"6,698,000"
7,"Oct 9, 2024",91.86,94.01,91.46,93.60,93.60,"8,654,500"
8,"Oct 8, 2024",92.52,93.74,91.69,92.51,92.51,"10,209,100"
9,"Oct 7, 2024",95.09,95.14,91.76,92.39,92.39,"11,043,600"
10,"Oct 4, 2024",94.30,95.34,93.89,95.15,95.15,"6,308,900"
11,"Oct 3, 2024",93.61,94.09,93.13,93.63,93.63,"6,180,300"
12,"Oct 2, 2024",93.59,94.58,93.59,94.15,94.15,"6,144,200"
13,"Oct 1, 2024",95.19,95.85,93.32,94.05,94.05,"10,099,200"
14,"Sep 30, 2024",96.85,97.57,95.44,96.19,96.19,"7,982,300"
15,"Sep 27, 2024",95.49,96.90,95.28,96.01,96.01,"10,155,400"
16,"Sep 26, 2024",94.46,95.79,94.18,95.20,95.20,"10,061,600"
17,"Sep 25, 2024",93.64,94.44,93.35,93.92,93.92,"8,408,200"
18,"Sep 24, 2024",93.34,93.79,92.46,93.69,93.69,"7,860,300"
19,"Sep 23, 2024",93.70,93.70,92.16,92.97,92.97,"7,338,700"
20,"Sep 20, 2024",93.20,94.01,92.82,93.75,93.75,"19,251,500"
21,"Sep 19, 2024",94.82,95.29,93.32,93.45,93.45,"10,912,400"
22,"Sep 18, 2024",93.52,94.07,92.69,93.58,93.58,"10,289,800"
23,"Sep 17, 2024",92.37,93.25,92.17,92.86,92.86,"8,193,100"
24,"Sep 16, 2024",91.10,92.37,90.95,91.85,91.85,"9,028,600"
25,"Sep 13, 2024",89.45,90.72,89.39,90.55,90.55,"7,084,200"
26,"Sep 12, 2024",88.22,89.33,88.18,89.30,89.30,"7,181,700"
27,"Sep 11, 2024",88.05,88.43,86.59,88.32,88.32,"10,779,000"
28,"Sep 10, 2024",88.33,88.89,87.98,88.40,88.40,"6,858,300"
29,"Sep 9, 2024",88.22,88.89,87.81,88.34,88.34,"8,750,200"
30,"Sep 6, 2024",88.45,89.09,87.72,87.94,87.94,"7,791,500"
31,"Sep 5, 2024",89.67,89.67,88.34,88.65,88.65,"6,234,100"
32,"Sep 4, 2024",88.95,90.02,88.82,89.25,89.25,"6,317,200"
33,"Sep 3, 2024",89.61,90.49,88.54,89.13,89.13,"8,465,500"
34,"Aug 30, 2024",89.98,90.45,89.40,90.38,90.38,"8,403,600"
35,"Aug 29, 2024",90.45,90.70,89.63,89.81,89.81,"6,181,800"
36,"Aug 28, 2024",90.33,90.62,88.76,89.49,89.49,"8,569,700"
37,"Aug 27, 2024",91.43,91.72,90.75,90.90,90.90,"7,237,400"
38,"Aug 26, 2024",90.92,91.80,90.92,91.78,91.78,"8,043,800"
39,"Aug 23, 2024",90.15,90.75,89.68,90.56,90.56,"7,369,200"
40,"Aug 22, 2024",90.99,91.38,89.70,89.92,89.92,"7,613,000"
41,"Aug 21, 2024",90.22,90.78,89.43,90.72,90.72,"7,637,600"
42,"Aug 20, 2024",90.39,90.67,89.31,89.74,89.74,"8,863,400"
43,"Aug 19, 2024",89.41,90.95,89.41,90.82,90.82,"9,723,600"
44,"Aug 16, 2024",88.96,89.67,88.34,89.30,89.30,"10,277,700"
45,"Aug 15, 2024",87.25,88.93,87.21,88.79,88.79,"12,401,000"
46,"Aug 14, 2024",86.01,86.54,85.56,86.30,86.30,"9,475,100"
47,"Aug 13, 2024",86.46,86.46,85.31,85.60,85.60,"14,615,200"
48,"Aug 12, 2024",85.86,86.38,85.48,85.95,85.95,"11,754,600"
49,"Aug 9, 2024",86.13,86.25,84.71,86.21,86.21,"16,008,400"
50,"Aug 8, 2024",85.15,86.33,83.91,85.96,85.96,"21,890,500"
51,"Aug 7, 2024",88.00,89.24,85.75,85.96,85.96,"30,581,900"
52,"Aug 6, 2024",88.23,91.91,87.96,89.97,89.97,"21,717,500"
53,"Aug 5, 2024",86.89,89.56,86.42,87.78,87.78,"19,103,200"
54,"Aug 2, 2024",92.16,92.20,89.00,89.57,89.57,"15,433,600"
55,"Aug 1, 2024",93.86,93.95,92.60,93.05,93.05,"9,263,600"
56,"Jul 31, 2024",93.79,94.84,93.64,93.69,93.69,"10,241,800"
57,"Jul 30, 2024",91.67,94.04,91.67,93.79,93.79,"9,896,100"
58,"Jul 29, 2024",90.39,92.55,90.19,92.14,92.14,"13,024,800"
59,"Jul 26, 2024",90.00,90.55,89.34,89.93,89.93,"11,301,900"
60,"Jul 25, 2024",90.08,90.50,89.21,89.21,89.21,"10,765,300"
61,"Jul 24, 2024",90.22,90.75,89.58,89.80,89.80,"11,768,500"
62,"Jul 23, 2024",90.70,91.69,89.83,90.94,90.94,"22,534,700"
63,"Jul 22, 2024",95.11,95.16,93.49,94.13,94.13,"13,377,000"
64,"Jul 19, 2024",96.82,96.82,95.44,95.74,95.74,"9,301,000"
65,"Jul 18, 2024",97.36,98.06,96.68,96.79,96.79,"7,529,400"
66,"Jul 17, 2024",98.30,98.61,96.53,97.31,97.31,"9,456,100"
67,"Jul 16, 2024",97.02,98.72,96.54,98.47,98.47,"10,755,500"
68,"Jul 15, 2024",97.33,97.49,96.60,96.87,96.87,"7,417,700"
69,"Jul 12, 2024",97.10,97.83,96.98,97.13,97.13,"6,465,700"
70,"Jul 11, 2024",97.01,97.58,96.30,96.60,96.60,"7,422,600"
71,"Jul 10, 2024",96.95,97.28,96.25,96.97,96.97,"7,761,100"
72,"Jul 9, 2024",97.47,97.53,96.15,97.05,97.05,"9,044,400"
73,"Jul 8, 2024",0.45Dividend,,,,,
74,"Jul 8, 2024",97.69,98.29,96.89,97.37,97.37,"8,167,600"
75,"Jul 5, 2024",98.31,98.31,97.58,97.99,97.54,"8,550,800"
76,"Jul 3, 2024",97.84,99.08,97.83,98.61,98.16,"5,030,000"
77,"Jul 2, 2024",97.94,97.99,96.95,97.99,97.54,"13,340,300"
78,"Jul 1, 2024",99.40,99.74,97.88,98.04,97.59,"15,299,000"
79,"Jun 28, 2024",102.02,102.58,98.38,99.29,98.83,"21,439,400"
80,"Jun 27, 2024",102.04,102.28,101.81,102.17,101.70,"8,365,200"
81,"Jun 26, 2024",101.90,102.37,101.43,102.18,101.71,"10,122,300"
82,"Jun 25, 2024",102.66,103.68,101.77,102.20,101.73,"10,343,700"
83,"Jun 24, 2024",102.25,103.08,101.91,101.98,101.51,"7,393,600"
84,"Jun 21, 2024",101.80,102.54,101.59,102.27,101.80,"14,144,900"
85,"Jun 20, 2024",100.57,101.94,100.38,101.84,101.37,"7,886,900"
86,"Jun 18, 2024",101.12,101.76,100.61,101.50,101.03,"7,044,700"
87,"Jun 17, 2024",100.98,101.92,100.62,101.52,101.05,"10,389,000"
88,"Jun 14, 2024",99.81,100.38,99.25,99.97,99.51,"7,087,600"
89,"Jun 13, 2024",100.61,101.07,99.61,100.09,99.63,"10,164,600"
90,"Jun 12, 2024",101.20,101.69,100.25,100.80,100.34,"9,041,800"
91,"Jun 11, 2024",102.64,102.88,100.74,100.87,100.41,"9,134,200"
92,"Jun 10, 2024",101.25,102.85,100.64,102.74,102.27,"7,633,100"
93,"Jun 7, 2024",100.86,102.27,100.55,101.54,101.07,"6,047,800"
94,"Jun 6, 2024",101.05,101.93,100.81,101.21,100.75,"10,294,700"
95,"Jun 5, 2024",103.00,103.08,101.03,101.50,101.03,"10,796,900"
96,"Jun 4, 2024",102.11,103.49,101.63,103.33,102.86,"7,269,100"
97,"Jun 3, 2024",104.17,104.22,102.48,102.77,102.30,"6,908,600"
98,"May 31, 2024",101.52,104.08,101.41,103.91,103.43,"14,735,800"
99,"May 30, 2024",101.14,102.07,100.97,101.70,101.23,"7,303,700"
100,"May 29, 2024",101.76,102.08,100.77,100.88,100.42,"7,376,300"
101,"May 28, 2024",101.36,102.86,100.95,102.44,101.97,"7,813,100"
102,"May 24, 2024",100.85,102.09,100.69,101.76,101.29,"6,447,600"
103,"May 23, 2024",102.98,103.01,100.27,100.66,100.20,"10,504,000"
104,"May 22, 2024",102.98,103.83,102.75,103.02,102.55,"7,190,300"
105,"May 21, 2024",102.99,103.70,102.72,103.01,102.54,"7,333,300"
106,"May 20, 2024",103.33,103.67,102.52,102.90,102.43,"7,667,400"
107,"May 17, 2024",103.63,103.82,103.04,103.25,102.78,"7,356,000"
108,"May 16, 2024",103.04,104.03,102.84,103.37,102.90,"9,476,700"
109,"May 15, 2024",105.62,105.88,101.39,102.77,102.30,"20,745,600"
110,"May 14, 2024",105.30,105.99,104.95,105.35,104.87,"11,278,400"
111,"May 13, 2024",105.59,106.64,105.59,105.83,105.34,"9,666,400"
112,"May 10, 2024",106.92,107.02,105.42,105.79,105.30,"15,884,600"
113,"May 9, 2024",104.62,106.13,104.39,105.80,105.31,"15,096,000"
114,"May 8, 2024",104.90,106.48,104.44,105.44,104.96,"15,238,100"
115,"May 7, 2024",107.25,107.88,104.21,105.39,104.91,"55,084,600"
116,"May 6, 2024",114.80,116.94,114.15,116.47,115.94,"16,303,200"
117,"May 3, 2024",113.54,114.11,112.80,113.66,113.14,"7,411,100"
118,"May 2, 2024",111.43,112.87,110.56,112.62,112.10,"6,799,800"
119,"May 1, 2024",111.29,111.99,110.21,110.48,109.97,"6,338,400"
120,"Apr 30, 2024",112.00,112.04,110.80,111.10,110.59,"8,156,600"
121,"Apr 29, 2024",113.04,113.88,110.34,112.08,111.57,"7,151,200"
122,"Apr 26, 2024",111.85,113.02,111.32,112.73,112.21,"6,304,800"
123,"Apr 25, 2024",111.22,112.89,110.39,112.77,112.25,"8,045,900"
124,"Apr 24, 2024",113.14,114.18,113.14,113.92,113.40,"6,157,200"
125,"Apr 23, 2024",112.83,114.24,112.80,113.71,113.19,"6,839,300"
126,"Apr 22, 2024",113.10,113.64,111.75,111.99,111.48,"6,901,700"
127,"Apr 19, 2024",111.72,112.72,111.08,112.61,112.09,"9,407,800"
128,"Apr 18, 2024",113.18,114.25,112.19,112.43,111.91,"8,235,600"
129,"Apr 17, 2024",114.00,114.21,112.89,112.94,112.42,"7,379,000"
130,"Apr 16, 2024",112.82,114.50,112.52,113.88,113.36,"9,291,400"
131,"Apr 15, 2024",114.88,115.55,112.77,112.95,112.43,"9,637,100"
132,"Apr 12, 2024",116.39,116.70,113.73,114.01,113.49,"12,146,000"
133,"Apr 11, 2024",117.59,118.28,116.37,117.15,116.61,"6,559,400"
134,"Apr 10, 2024",116.60,117.56,116.37,117.19,116.65,"6,746,300"
135,"Apr 9, 2024",117.38,118.51,116.89,117.97,117.43,"7,455,400"
136,"Apr 8, 2024",118.02,118.52,116.82,117.35,116.81,"6,266,000"
137,"Apr 5, 2024",116.60,118.86,116.30,118.38,117.84,"9,651,500"
138,"Apr 4, 2024",119.22,120.19,116.96,117.09,116.55,"13,815,400"
139,"Apr 3, 2024",122.27,123.69,118.38,118.98,118.43,"22,480,400"
140,"Apr 2, 2024",120.22,123.53,120.16,122.82,122.26,"15,517,100"
141,"Apr 1, 2024",122.06,122.40,120.78,121.53,120.97,"8,419,700"
142,"Mar 28, 2024",121.25,123.74,121.20,122.36,121.80,"15,367,400"
143,"Mar 27, 2024",120.96,122.03,120.02,120.98,120.42,"10,782,800"
144,"Mar 26, 2024",119.63,120.40,118.19,119.93,119.38,"11,870,000"
145,"Mar 25, 2024",116.97,119.41,116.87,119.36,118.81,"12,103,600"
146,"Mar 22, 2024",116.92,117.66,115.84,115.87,115.34,"7,133,800"
147,"Mar 21, 2024",116.99,117.36,115.86,116.70,116.16,"10,353,500"
148,"Mar 20, 2024",114.61,116.51,114.36,116.46,115.93,"11,699,600"
149,"Mar 19, 2024",113.41,115.17,113.24,114.51,113.98,"10,999,700"
150,"Mar 18, 2024",112.29,114.43,112.29,113.85,113.33,"11,820,800"
151,"Mar 15, 2024",111.60,112.96,111.40,111.95,111.44,"15,362,600"
152,"Mar 14, 2024",111.74,112.35,109.51,112.06,111.55,"10,520,500"
153,"Mar 13, 2024",112.74,114.13,112.44,112.50,111.98,"7,267,900"
154,"Mar 12, 2024",112.52,112.95,111.64,112.46,111.94,"8,085,000"
155,"Mar 11, 2024",110.09,112.91,110.03,112.31,111.79,"8,794,300"
156,"Mar 8, 2024",110.18,111.31,109.34,110.32,109.81,"10,004,800"
157,"Mar 7, 2024",110.70,111.08,109.20,110.18,109.67,"8,609,300"
158,"Mar 6, 2024",113.08,113.30,109.25,110.06,109.55,"14,743,900"
159,"Mar 5, 2024",113.61,115.19,112.27,112.87,112.35,"14,929,600"
160,"Mar 4, 2024",112.67,114.13,111.80,113.69,113.17,"11,558,900"
161,"Mar 1, 2024",111.44,112.15,111.03,111.95,111.44,"7,240,100"
162,"Feb 29, 2024",111.14,112.75,110.97,111.58,111.07,"11,658,300"
163,"Feb 28, 2024",108.78,111.04,108.66,110.80,110.29,"10,773,000"
164,"Feb 27, 2024",107.78,109.58,107.78,109.42,108.92,"7,595,000"
165,"Feb 26, 2024",107.52,108.76,107.38,107.68,107.19,"8,694,200"
166,"Feb 23, 2024",107.57,108.00,105.83,107.74,107.25,"11,724,000"
167,"Feb 22, 2024",107.99,108.49,107.41,107.64,107.15,"9,266,200"
168,"Feb 21, 2024",108.48,109.22,107.24,107.67,107.18,"10,454,400"
169,"Feb 20, 2024",110.85,111.13,109.35,109.44,108.94,"9,770,900"
170,"Feb 16, 2024",112.02,112.56,111.16,111.60,111.09,"8,779,400"
171,"Feb 15, 2024",111.08,112.92,111.08,112.45,111.93,"9,961,900"
172,"Feb 14, 2024",110.58,111.68,109.67,111.56,111.05,"11,405,500"
173,"Feb 13, 2024",108.28,110.65,108.21,110.46,109.95,"14,594,500"
174,"Feb 12, 2024",107.88,111.06,107.83,109.29,108.79,"13,424,000"
175,"Feb 9, 2024",109.60,110.15,107.69,108.39,107.89,"21,509,100"
176,"Feb 8, 2024",107.08,112.77,106.80,110.54,110.03,"60,558,400"
177,"Feb 7, 2024",97.39,99.28,96.64,99.14,98.68,"28,886,300"
178,"Feb 6, 2024",96.92,99.32,96.79,99.29,98.83,"16,455,500"
179,"Feb 5, 2024",96.70,97.37,96.49,96.65,96.21,"11,679,300"
180,"Feb 2, 2024",96.28,97.41,95.82,97.13,96.68,"9,319,100"
181,"Feb 1, 2024",96.37,97.93,95.90,97.06,96.61,"8,484,800"
182,"Jan 31, 2024",96.42,97.57,95.81,96.05,95.61,"9,592,300"
183,"Jan 30, 2024",96.52,97.54,96.01,96.94,96.49,"9,139,600"
184,"Jan 29, 2024",95.42,97.50,95.00,97.49,97.04,"13,422,200"
185,"Jan 26, 2024",95.00,95.53,94.70,95.36,94.92,"7,812,800"
186,"Jan 25, 2024",93.92,94.94,93.75,94.86,94.42,"8,661,600"
187,"Jan 24, 2024",94.42,95.25,93.26,93.50,93.07,"10,454,900"
188,"Jan 23, 2024",95.43,95.89,93.18,93.77,93.34,"11,559,400"
189,"Jan 22, 2024",92.87,95.23,92.87,95.08,94.64,"15,119,400"
190,"Jan 19, 2024",92.32,93.58,91.63,93.06,92.63,"19,782,400"
191,"Jan 18, 2024",90.66,92.51,90.41,92.21,91.79,"12,203,200"
192,"Jan 17, 2024",92.58,93.76,90.10,90.34,89.93,"15,735,200"
193,"Jan 16, 2024",90.29,93.09,89.46,93.05,92.62,"16,780,900"
194,"Jan 12, 2024",89.65,90.83,89.65,90.35,89.94,"11,912,800"
195,"Jan 11, 2024",89.39,89.78,88.69,89.45,89.04,"9,642,200"
196,"Jan 10, 2024",89.82,89.82,88.88,89.29,88.88,"15,091,600"
197,"Jan 9, 2024",91.05,91.10,89.60,89.67,89.26,"11,255,100"
198,"Jan 8, 2024",91.55,91.94,91.00,91.55,91.13,"11,103,700"
199,"Jan 5, 2024",90.41,91.32,90.36,90.90,90.48,"9,084,400"
200,"Jan 4, 2024",91.94,91.94,90.00,90.56,90.14,"12,087,400"
201,"Jan 3, 2024",90.23,92.08,90.00,91.65,91.23,"11,929,800"
202,"Jan 2, 2024",90.10,91.48,89.73,90.71,90.29,"10,587,600"
203,"Dec 29, 2023",90.12,90.60,89.86,90.29,89.88,"9,201,300"
204,"Dec 28, 2023",90.09,90.98,89.97,90.40,89.98,"8,479,600"
205,"Dec 27, 2023",90.91,90.94,90.04,90.38,89.96,"11,123,500"
206,"Dec 26, 2023",90.84,91.27,90.60,90.95,90.53,"8,086,900"
207,"Dec 22, 2023",91.62,92.24,90.75,91.02,90.60,"9,411,500"
208,"Dec 21, 2023",91.93,92.08,91.06,92.02,91.60,"13,037,200"
209,"Dec 20, 2023",93.24,94.27,91.25,91.27,90.85,"13,060,600"
210,"Dec 19, 2023",92.64,93.99,92.61,93.93,93.50,"8,804,000"
211,"Dec 18, 2023",92.70,93.71,92.70,92.86,92.43,"9,083,600"
212,"Dec 15, 2023",93.05,93.95,92.93,93.46,93.03,"17,545,700"
213,"Dec 14, 2023",93.21,94.83,93.21,93.94,93.51,"12,439,300"
214,"Dec 13, 2023",91.17,92.87,90.78,92.83,92.40,"10,173,200"
215,"Dec 12, 2023",92.12,92.20,90.86,91.07,90.65,"13,218,400"
216,"Dec 11, 2023",92.73,93.08,91.97,92.20,91.78,"10,811,000"
217,"Dec 8, 2023",0.30Dividend,,,,,
218,"Dec 8, 2023",92.06,93.54,92.06,92.82,92.39,"9,495,200"
219,"Dec 7, 2023",91.80,93.39,91.65,92.35,91.63,"10,264,700"
220,"Dec 6, 2023",91.11,92.55,90.62,91.50,90.78,"10,462,000"
221,"Dec 5, 2023",91.61,91.78,89.93,90.79,90.08,"12,357,000"
222,"Dec 4, 2023",91.90,92.41,91.61,92.01,91.29,"12,602,800"
223,"Dec 1, 2023",92.74,92.84,91.77,92.58,91.86,"11,892,100"
224,"Nov 30, 2023",93.55,93.86,92.20,92.69,91.96,"13,396,700"
225,"Nov 29, 2023",92.60,93.24,91.44,92.50,91.78,"13,857,000"
226,"Nov 28, 2023",95.00,95.14,92.45,92.50,91.78,"18,660,300"
227,"Nov 27, 2023",95.74,95.74,94.52,95.17,94.43,"11,049,500"
228,"Nov 24, 2023",94.90,96.51,94.90,96.06,95.31,"5,440,500"
229,"Nov 22, 2023",94.91,95.71,94.76,95.07,94.33,"7,328,200"
230,"Nov 21, 2023",94.73,94.96,93.96,94.45,93.71,"7,654,800"
231,"Nov 20, 2023",93.98,95.59,93.87,95.03,94.29,"14,105,300"
232,"Nov 17, 2023",94.75,95.38,93.92,94.15,93.41,"12,189,300"
233,"Nov 16, 2023",93.89,94.61,93.63,94.51,93.77,"12,923,900"
234,"Nov 15, 2023",92.99,94.57,92.74,93.93,93.19,"20,593,100"
235,"Nov 14, 2023",90.03,91.54,89.99,91.07,90.36,"13,152,000"
236,"Nov 13, 2023",88.42,89.90,87.41,89.44,88.74,"12,834,400"
237,"Nov 10, 2023",90.13,90.16,86.94,88.27,87.58,"25,175,700"
238,"Nov 9, 2023",87.84,91.21,87.60,90.34,89.63,"51,062,700"
239,"Nov 8, 2023",84.14,84.92,83.95,84.50,83.84,"26,942,600"
240,"Nov 7, 2023",84.16,84.68,83.95,84.59,83.93,"10,540,200"
241,"Nov 6, 2023",85.08,85.80,83.59,84.02,83.36,"14,160,900"
242,"Nov 3, 2023",84.17,85.93,84.16,85.07,84.40,"11,322,700"
243,"Nov 2, 2023",81.85,83.30,81.82,83.29,82.64,"11,518,500"
244,"Nov 1, 2023",81.53,81.58,80.18,81.07,80.44,"9,093,000"
245,"Oct 31, 2023",80.69,81.67,80.33,81.59,80.95,"8,672,200"
246,"Oct 30, 2023",79.72,80.93,79.53,80.68,80.05,"10,291,200"
247,"Oct 27, 2023",79.75,81.03,79.23,79.33,78.71,"10,300,600"
248,"Oct 26, 2023",80.08,80.61,79.42,79.78,79.16,"11,651,000"
249,"Oct 25, 2023",82.13,82.55,80.52,80.59,79.96,"9,372,500"
250,"Oct 24, 2023",83.41,84.20,81.74,82.56,81.91,"11,499,500"
251,"Oct 23, 2023",82.08,84.03,80.91,83.10,82.45,"10,772,500"
252,"Oct 20, 2023",82.90,83.44,82.61,82.65,82.00,"10,425,200"
253,"Oct 19, 2023",85.26,85.27,83.17,83.25,82.60,"14,316,800"
254,"Oct 18, 2023",85.69,86.26,84.60,84.68,84.02,"10,047,000"
255,"Oct 17, 2023",85.35,86.29,85.31,86.20,85.53,"9,985,700"
256,"Oct 16, 2023",84.31,85.93,84.31,85.71,85.04,"10,275,100"
257,"Oct 13, 2023",83.94,84.58,83.38,84.35,83.69,"10,808,000"
258,"Oct 12, 2023",84.83,85.07,83.51,84.35,83.69,"9,554,900"
259,"Oct 11, 2023",85.37,85.72,84.26,84.85,84.19,"9,499,200"
260,"Oct 10, 2023",84.79,85.29,83.93,84.99,84.32,"9,450,600"
261,"Oct 9, 2023",84.30,84.88,83.13,84.70,84.04,"13,604,400"
262,"Oct 6, 2023",81.05,83.53,80.49,82.94,82.29,"15,375,100"
263,"Oct 5, 2023",79.10,80.94,78.88,80.81,80.18,"15,466,600"
264,"Oct 4, 2023",79.61,79.79,78.73,79.32,78.70,"12,010,500"
265,"Oct 3, 2023",81.25,81.89,79.46,79.54,78.92,"12,586,200"
266,"Oct 2, 2023",80.92,81.77,80.79,81.67,81.03,"9,128,100"
267,"Sep 29, 2023",80.66,81.33,80.41,81.05,80.42,"11,257,600"
268,"Sep 28, 2023",80.28,80.92,79.65,80.13,79.50,"12,229,800"
269,"Sep 27, 2023",80.12,80.56,79.22,79.90,79.27,"14,662,500"
270,"Sep 26, 2023",80.50,80.74,79.79,80.05,79.42,"14,867,900"
271,"Sep 25, 2023",81.56,81.77,80.56,81.01,80.38,"11,034,400"
272,"Sep 22, 2023",82.91,83.35,81.20,81.25,80.61,"11,495,300"
273,"Sep 21, 2023",82.06,83.67,81.92,82.73,82.08,"14,364,200"
274,"Sep 20, 2023",82.03,83.20,81.64,82.56,81.91,"12,715,200"
275,"Sep 19, 2023",83.92,84.79,81.71,81.94,81.30,"21,478,900"
276,"Sep 18, 2023",85.24,85.92,84.98,85.02,84.35,"11,894,200"
277,"Sep 15, 2023",85.22,86.19,84.61,85.58,84.91,"21,598,500"
278,"Sep 14, 2023",84.00,84.74,83.04,84.48,83.82,"22,371,900"
279,"Sep 13, 2023",83.35,84.05,83.12,83.48,82.83,"9,772,700"
280,"Sep 12, 2023",83.03,84.67,82.57,83.68,83.03,"16,594,600"
281,"Sep 11, 2023",81.94,83.85,81.17,82.52,81.87,"26,579,100"
282,"Sep 8, 2023",80.54,81.67,80.17,81.58,80.94,"16,220,900"
283,"Sep 7, 2023",80.82,80.85,79.75,80.57,79.94,"14,768,000"
284,"Sep 6, 2023",80.79,82.09,80.53,80.98,80.35,"15,518,500"
285,"Sep 5, 2023",81.42,82.39,81.18,81.19,80.55,"12,741,700"
286,"Sep 1, 2023",82.11,82.23,80.53,81.64,81.00,"27,667,400"
287,"Aug 31, 2023",84.46,84.61,83.64,83.68,83.03,"10,448,000"
288,"Aug 30, 2023",84.40,84.68,83.83,84.28,83.62,"11,816,600"
289,"Aug 29, 2023",83.79,84.55,83.73,84.40,83.74,"11,210,700"
290,"Aug 28, 2023",83.83,84.69,83.53,84.16,83.50,"12,166,400"
291,"Aug 25, 2023",83.07,83.65,82.46,83.36,82.71,"16,050,900"
292,"Aug 24, 2023",85.51,85.95,82.46,82.47,81.82,"27,531,000"
293,"Aug 23, 2023",85.81,86.33,85.64,85.83,85.16,"7,576,000"
294,"Aug 22, 2023",85.71,86.09,85.37,85.79,85.12,"9,845,900"
295,"Aug 21, 2023",85.81,86.25,85.41,85.88,85.21,"11,215,000"
296,"Aug 18, 2023",85.37,86.72,85.37,85.96,85.29,"12,353,900"
297,"Aug 17, 2023",86.92,86.96,85.80,85.92,85.25,"14,206,000"
298,"Aug 16, 2023",86.54,87.06,86.08,86.35,85.67,"12,182,700"
299,"Aug 15, 2023",87.99,88.23,86.89,87.06,86.38,"13,677,900"
300,"Aug 14, 2023",88.99,89.30,87.99,88.81,88.11,"13,676,400"
301,"Aug 11, 2023",91.32,91.35,88.86,89.02,88.32,"21,925,700"
302,"Aug 10, 2023",89.97,92.53,87.75,91.76,91.04,"56,716,800"
303,"Aug 9, 2023",89.20,89.56,87.04,87.49,86.81,"32,517,900"
304,"Aug 8, 2023",86.50,88.33,86.10,88.13,87.44,"16,767,900"
305,"Aug 7, 2023",86.66,87.23,85.99,86.83,86.15,"10,818,400"
306,"Aug 4, 2023",85.94,87.11,85.45,86.30,85.62,"11,516,900"
307,"Aug 3, 2023",85.82,86.46,85.45,85.49,84.82,"14,145,400"
308,"Aug 2, 2023",88.26,88.33,86.26,86.30,85.62,"15,162,700"
309,"Aug 1, 2023",89.12,89.73,88.46,89.03,88.33,"13,717,500"
310,"Jul 31, 2023",87.00,89.36,86.88,88.89,88.19,"20,837,800"
311,"Jul 28, 2023",85.86,86.58,85.45,86.13,85.46,"13,638,300"
312,"Jul 27, 2023",86.60,86.88,85.19,85.36,84.69,"16,691,400"
313,"Jul 26, 2023",85.67,86.27,85.45,85.86,85.19,"14,983,700"
314,"Jul 25, 2023",85.73,86.31,85.16,85.63,84.96,"15,335,400"
315,"Jul 24, 2023",87.49,87.96,86.55,86.60,85.92,"13,911,900"
316,"Jul 21, 2023",86.30,87.90,85.88,87.18,86.50,"19,864,200"
317,"Jul 20, 2023",86.84,87.18,86.03,86.21,85.54,"15,277,500"
318,"Jul 19, 2023",86.20,87.89,86.19,87.04,86.36,"17,177,000"
319,"Jul 18, 2023",85.51,87.30,85.31,85.95,85.28,"21,915,500"
320,"Jul 17, 2023",88.42,88.49,85.30,85.56,84.89,"34,503,400"
321,"Jul 14, 2023",90.41,90.49,88.42,88.62,87.93,"17,734,200"
322,"Jul 13, 2023",90.55,90.81,89.08,90.47,89.76,"15,325,500"
323,"Jul 12, 2023",90.11,90.71,89.57,90.15,89.44,"14,912,100"
324,"Jul 11, 2023",88.20,89.59,88.15,89.49,88.79,"13,735,500"
325,"Jul 10, 2023",88.25,88.68,87.86,88.10,87.41,"13,642,600"
326,"Jul 7, 2023",88.31,89.73,88.08,88.64,87.95,"9,690,800"
327,"Jul 6, 2023",88.67,88.83,87.78,88.74,88.05,"12,084,600"
328,"Jul 5, 2023",90.11,90.39,89.25,89.79,89.09,"11,028,800"
329,"Jul 3, 2023",89.12,90.95,88.91,90.50,89.79,"7,979,500"
330,"Jun 30, 2023",89.18,89.60,88.61,89.28,88.58,"12,826,200"
331,"Jun 29, 2023",87.80,89.12,87.34,88.95,88.25,"13,402,600"
332,"Jun 28, 2023",89.39,89.40,88.53,88.83,88.13,"12,118,300"
333,"Jun 27, 2023",88.90,89.66,88.49,89.06,88.36,"10,032,700"
334,"Jun 26, 2023",88.04,89.49,87.77,88.70,88.01,"13,132,700"
335,"Jun 23, 2023",88.02,88.40,87.61,88.10,87.41,"13,538,000"
336,"Jun 22, 2023",88.44,89.19,88.12,88.49,87.80,"10,915,300"
337,"Jun 21, 2023",89.55,89.67,88.11,88.64,87.95,"17,873,000"
338,"Jun 20, 2023",90.29,90.78,89.74,89.75,89.05,"14,939,200"
339,"Jun 16, 2023",92.88,92.97,90.86,91.32,90.61,"22,665,000"
340,"Jun 15, 2023",92.06,93.52,91.61,92.94,92.21,"13,354,600"
341,"Jun 14, 2023",94.26,94.52,91.92,92.45,91.73,"15,877,400"
342,"Jun 13, 2023",94.12,94.44,93.44,93.85,93.12,"12,964,400"
343,"Jun 12, 2023",92.25,93.23,91.77,93.14,92.41,"12,341,600"
344,"Jun 9, 2023",92.78,92.92,91.55,91.93,91.21,"9,625,400"
345,"Jun 8, 2023",92.52,92.68,91.30,92.53,91.81,"9,030,200"
346,"Jun 7, 2023",92.78,93.08,91.86,92.52,91.80,"11,082,400"
347,"Jun 6, 2023",91.10,92.51,91.02,92.16,91.44,"12,109,100"
348,"Jun 5, 2023",91.20,91.76,89.44,91.00,90.29,"18,506,700"
349,"Jun 2, 2023",89.63,91.34,89.60,90.77,90.06,"14,330,500"
350,"Jun 1, 2023",88.40,89.06,87.11,88.59,87.90,"11,993,200"
351,"May 31, 2023",87.58,88.17,87.15,87.96,87.27,"11,440,600"
352,"May 30, 2023",88.97,88.97,87.01,87.82,87.13,"14,800,700"
353,"May 26, 2023",88.49,89.24,88.10,88.29,87.60,"12,892,700"
354,"May 25, 2023",89.56,89.56,87.79,88.14,87.45,"13,605,800"
355,"May 24, 2023",89.44,89.49,88.41,89.07,88.37,"15,350,800"
356,"May 23, 2023",91.10,92.03,89.81,89.82,89.12,"14,778,700"
357,"May 22, 2023",91.33,91.94,89.89,91.82,91.10,"14,150,600"
358,"May 19, 2023",93.00,93.00,91.32,91.35,90.64,"16,411,500"
359,"May 18, 2023",92.85,94.24,92.46,93.76,93.03,"15,014,800"
360,"May 17, 2023",91.02,93.05,90.85,92.77,92.04,"12,461,600"
361,"May 16, 2023",92.04,92.42,90.78,90.98,90.27,"17,013,300"
362,"May 15, 2023",91.54,92.87,90.70,92.86,92.13,"16,792,000"
363,"May 12, 2023",92.34,92.88,91.24,91.99,91.27,"21,817,200"
364,"May 11, 2023",94.80,95.11,91.88,92.31,91.59,"57,127,200"
365,"May 10, 2023",103.00,103.25,100.04,101.14,100.35,"19,525,200"
366,"May 9, 2023",102.91,102.98,102.09,102.18,101.38,"6,829,900"
367,"May 8, 2023",101.70,103.91,101.69,102.97,102.16,"10,810,100"
368,"May 5, 2023",98.59,100.85,98.11,100.52,99.73,"9,289,100"
369,"May 4, 2023",99.54,99.54,96.61,97.45,96.69,"13,260,700"
370,"May 3, 2023",101.06,102.58,100.64,100.86,100.07,"7,772,100"
371,"May 2, 2023",101.33,101.70,99.62,100.60,99.81,"6,955,900"
372,"May 1, 2023",102.41,102.61,101.61,102.21,101.41,"6,909,500"
373,"Apr 28, 2023",99.37,102.56,99.08,102.50,101.70,"11,319,700"
374,"Apr 27, 2023",97.13,100.07,96.71,99.93,99.15,"8,166,500"
375,"Apr 26, 2023",97.84,98.48,96.46,96.61,95.85,"8,634,500"
376,"Apr 25, 2023",99.38,99.71,98.01,98.01,97.24,"6,511,400"
377,"Apr 24, 2023",100.15,100.74,98.67,99.68,98.90,"8,540,600"
378,"Apr 21, 2023",98.16,99.72,97.72,99.57,98.79,"9,468,000"
379,"Apr 20, 2023",97.75,98.58,97.39,98.07,97.30,"7,762,700"
380,"Apr 19, 2023",99.78,99.83,98.36,98.75,97.98,"11,523,300"
381,"Apr 18, 2023",100.61,101.15,99.60,100.93,100.14,"8,180,100"
382,"Apr 17, 2023",99.57,100.57,99.15,100.30,99.52,"6,705,300"
383,"Apr 14, 2023",100.50,100.86,98.93,99.90,99.12,"7,337,300"
384,"Apr 13, 2023",98.51,101.07,98.51,100.84,100.05,"8,745,000"
385,"Apr 12, 2023",101.25,102.22,97.70,97.94,97.17,"9,289,200"
386,"Apr 11, 2023",101.16,101.91,100.29,100.42,99.63,"7,504,600"
387,"Apr 10, 2023",99.30,100.81,98.90,100.81,100.02,"8,016,600"
388,"Apr 6, 2023",99.44,100.32,98.55,99.97,99.19,"7,042,500"
389,"Apr 5, 2023",99.70,100.18,98.63,99.91,99.13,"7,747,200"
390,"Apr 4, 2023",100.30,100.42,98.76,99.57,98.79,"6,794,200"
391,"Apr 3, 2023",100.21,100.43,99.27,99.76,98.98,"7,313,200"
392,"Mar 31, 2023",98.89,100.20,98.50,100.13,99.35,"8,920,000"
393,"Mar 30, 2023",98.73,98.92,97.67,98.10,97.33,"7,669,500"
394,"Mar 29, 2023",96.08,96.91,95.35,96.87,96.11,"5,889,100"
395,"Mar 28, 2023",95.51,96.00,94.59,94.82,94.08,"5,426,100"
396,"Mar 27, 2023",94.78,96.02,94.38,95.62,94.87,"7,487,900"
397,"Mar 24, 2023",94.81,95.00,93.02,94.08,93.34,"9,534,600"
398,"Mar 23, 2023",95.28,97.02,94.76,95.83,95.08,"9,527,000"
399,"Mar 22, 2023",97.45,97.93,94.82,94.90,94.16,"8,811,100"
400,"Mar 21, 2023",95.17,96.85,95.17,96.54,95.78,"7,285,800"
401,"Mar 20, 2023",93.43,94.92,93.00,94.22,93.48,"6,657,200"
402,"Mar 17, 2023",94.05,94.27,92.91,93.20,92.47,"12,943,200"
403,"Mar 16, 2023",92.67,94.56,91.89,94.29,93.55,"9,931,700"
404,"Mar 15, 2023",91.63,93.36,91.41,93.10,92.37,"9,543,800"
405,"Mar 14, 2023",94.00,94.30,92.34,93.36,92.63,"10,323,600"
406,"Mar 13, 2023",91.89,94.02,90.46,92.60,91.88,"11,915,300"
407,"Mar 10, 2023",95.60,95.90,92.83,93.57,92.84,"13,978,800"
408,"Mar 9, 2023",99.45,100.05,95.92,96.14,95.39,"8,275,600"
409,"Mar 8, 2023",99.00,99.62,98.30,99.30,98.52,"5,668,700"
410,"Mar 7, 2023",100.40,100.94,98.89,99.06,98.28,"6,951,300"
411,"Mar 6, 2023",101.61,102.70,100.49,100.66,99.87,"6,773,300"
412,"Mar 3, 2023",99.67,101.18,98.88,101.14,100.35,"7,434,300"
413,"Mar 2, 2023",97.74,99.29,97.42,98.92,98.15,"7,776,600"
414,"Mar 1, 2023",99.19,99.63,98.10,98.54,97.77,"7,898,300"
415,"Feb 28, 2023",100.45,100.75,99.57,99.61,98.83,"8,233,700"
416,"Feb 27, 2023",100.73,101.47,100.06,100.45,99.66,"6,641,200"
417,"Feb 24, 2023",99.53,100.43,98.96,100.30,99.52,"8,523,000"
418,"Feb 23, 2023",101.45,102.05,99.61,101.73,100.93,"10,974,800"
419,"Feb 22, 2023",101.33,102.56,101.09,101.68,100.88,"9,885,100"
420,"Feb 21, 2023",103.55,103.73,101.83,102.09,101.29,"10,648,200"
421,"Feb 17, 2023",105.03,105.80,103.88,105.22,104.40,"9,492,200"
422,"Feb 16, 2023",107.55,108.02,105.70,105.83,105.00,"9,479,900"
423,"Feb 15, 2023",107.09,109.27,106.70,109.24,108.39,"8,156,000"
424,"Feb 14, 2023",106.82,108.44,105.82,107.66,106.82,"10,768,100"
425,"Feb 13, 2023",108.10,108.29,106.55,107.66,106.82,"12,341,500"
426,"Feb 10, 2023",108.96,109.74,107.21,108.06,107.21,"15,566,000"
427,"Feb 9, 2023",118.04,118.18,109.81,110.36,109.50,"46,137,200"
428,"Feb 8, 2023",112.20,113.33,110.29,111.78,110.91,"27,719,900"
429,"Feb 7, 2023",109.30,112.12,108.86,111.63,110.76,"10,844,000"
430,"Feb 6, 2023",110.17,110.43,108.53,109.87,109.01,"11,956,500"
431,"Feb 3, 2023",111.47,113.14,110.37,110.71,109.84,"12,472,500"
432,"Feb 2, 2023",110.67,113.53,109.69,113.21,112.32,"13,093,200"
433,"Feb 1, 2023",108.50,109.94,106.90,109.39,108.53,"9,975,500"
434,"Jan 31, 2023",107.58,108.72,107.45,108.49,107.64,"8,251,700"
435,"Jan 30, 2023",108.26,108.97,107.48,107.59,106.75,"8,548,500"
436,"Jan 27, 2023",109.26,110.58,109.16,109.54,108.68,"10,249,700"
437,"Jan 26, 2023",108.17,109.76,107.57,109.70,108.84,"9,204,400"
438,"Jan 25, 2023",104.96,108.16,104.18,108.12,107.27,"10,008,000"
439,"Jan 24, 2023",104.70,108.44,102.00,106.00,105.17,"8,606,700"
440,"Jan 23, 2023",103.29,105.95,102.92,105.69,104.86,"11,479,100"
441,"Jan 20, 2023",100.34,103.59,99.30,103.48,102.67,"14,549,900"
442,"Jan 19, 2023",98.12,99.45,97.12,99.08,98.30,"10,973,600"
443,"Jan 18, 2023",100.28,101.13,98.72,99.04,98.26,"11,384,500"
444,"Jan 17, 2023",100.32,100.99,99.00,99.91,99.13,"14,914,200"
445,"Jan 13, 2023",99.38,99.60,98.01,99.40,98.62,"12,230,200"
446,"Jan 12, 2023",98.50,100.63,97.57,99.81,99.03,"19,764,300"
447,"Jan 11, 2023",95.92,96.55,95.05,96.33,95.58,"8,757,300"
448,"Jan 10, 2023",94.28,95.64,93.82,95.56,94.81,"6,914,600"
449,"Jan 9, 2023",94.43,95.70,93.45,94.77,94.03,"11,675,800"
450,"Jan 6, 2023",92.66,94.69,91.32,93.92,93.18,"9,828,100"
451,"Jan 5, 2023",91.66,92.48,90.51,91.92,91.20,"11,622,600"
452,"Jan 4, 2023",90.00,92.75,89.36,91.98,91.26,"14,957,200"
453,"Jan 3, 2023",88.98,89.97,87.83,88.97,88.27,"14,997,100"
454,"Dec 30, 2022",85.73,87.12,85.23,86.88,86.20,"23,231,000"
455,"Dec 29, 2022",85.25,88.24,84.97,87.18,86.50,"13,045,100"
456,"Dec 28, 2022",86.08,86.69,84.07,84.17,83.51,"12,399,500"
457,"Dec 27, 2022",87.42,87.94,85.96,86.37,85.69,"11,561,400"
458,"Dec 23, 2022",86.06,88.07,85.77,88.01,87.32,"11,171,600"
459,"Dec 22, 2022",86.03,86.73,84.69,86.67,85.99,"15,487,400"
460,"Dec 21, 2022",87.19,88.10,86.48,86.92,86.24,"11,004,800"
461,"Dec 20, 2022",86.08,87.84,85.76,87.02,86.34,"14,918,400"
462,"Dec 19, 2022",89.44,89.46,85.41,85.78,85.11,"19,225,300"
463,"Dec 16, 2022",90.19,91.08,88.81,90.08,89.38,"26,383,900"
464,"Dec 15, 2022",92.47,93.12,90.12,90.49,89.78,"15,957,700"
465,"Dec 14, 2022",94.54,95.47,92.62,94.15,93.41,"11,505,400"
466,"Dec 13, 2022",96.49,97.39,93.57,94.70,93.96,"22,882,100"
467,"Dec 12, 2022",93.73,94.66,92.61,94.66,93.92,"14,140,700"
468,"Dec 9, 2022",92.37,94.91,91.90,93.38,92.65,"10,111,900"
469,"Dec 8, 2022",92.50,93.43,91.67,92.55,91.83,"9,351,200"
470,"Dec 7, 2022",92.66,92.79,91.26,92.15,91.43,"10,353,400"
471,"Dec 6, 2022",95.73,96.00,91.98,92.29,91.57,"11,492,400"
472,"Dec 5, 2022",98.24,99.16,95.67,95.93,95.18,"10,764,500"
473,"Dec 2, 2022",97.46,99.69,97.01,99.43,98.65,"12,608,100"
474,"Dec 1, 2022",97.87,98.84,96.58,98.59,97.82,"13,855,700"
475,"Nov 30, 2022",94.95,97.94,93.87,97.87,97.10,"15,368,100"
476,"Nov 29, 2022",96.00,96.43,93.92,94.69,93.95,"13,205,300"
477,"Nov 28, 2022",98.21,99.13,95.43,95.69,94.94,"13,660,000"
478,"Nov 25, 2022",98.81,99.81,98.08,98.87,98.10,"6,664,300"
479,"Nov 23, 2022",96.00,99.34,95.78,98.88,98.11,"15,503,200"
480,"Nov 22, 2022",97.00,97.67,94.68,96.21,95.46,"25,753,700"
481,"Nov 21, 2022",100.12,100.89,96.32,97.58,96.82,"70,273,500"
482,"Nov 18, 2022",92.86,93.16,90.91,91.80,91.08,"10,011,700"
483,"Nov 17, 2022",92.12,92.27,90.85,91.45,90.73,"12,306,400"
484,"Nov 16, 2022",95.22,95.22,93.72,93.95,93.21,"11,137,700"
485,"Nov 15, 2022",96.00,97.18,93.70,95.51,94.76,"15,801,900"
486,"Nov 14, 2022",95.85,96.62,94.21,94.28,93.54,"20,598,000"
487,"Nov 11, 2022",91.58,95.58,91.10,95.01,94.27,"22,373,300"
488,"Nov 10, 2022",89.75,90.50,87.61,90.46,89.75,"36,968,100"
489,"Nov 9, 2022",90.55,91.10,86.28,86.75,86.07,"62,029,800"
490,"Nov 8, 2022",100.74,101.97,98.05,99.90,99.12,"27,130,300"
491,"Nov 7, 2022",100.88,101.56,98.99,100.43,99.64,"11,355,200"
492,"Nov 4, 2022",101.15,101.16,98.11,99.58,98.80,"11,035,800"
493,"Nov 3, 2022",100.20,100.70,98.56,99.25,98.47,"8,978,400"
494,"Nov 2, 2022",105.45,106.08,101.79,101.82,101.02,"9,583,200"
495,"Nov 1, 2022",107.70,108.84,105.64,106.00,105.17,"7,955,800"
496,"Oct 31, 2022",105.66,106.90,104.82,106.54,105.71,"8,814,800"
497,"Oct 28, 2022",104.08,106.09,103.53,105.95,105.12,"7,250,900"
498,"Oct 27, 2022",105.81,106.87,104.31,104.44,103.62,"8,673,500"
499,"Oct 26, 2022",103.53,107.43,103.53,104.63,103.81,"9,203,700"
500,"Oct 25, 2022",102.16,104.73,102.03,104.36,103.54,"7,687,500"
501,"Oct 24, 2022",102.12,103.19,100.12,101.72,100.92,"8,221,500"
502,"Oct 21, 2022",98.35,102.30,97.89,102.04,101.24,"10,193,400"
503,"Oct 20, 2022",98.23,100.75,98.11,98.59,97.82,"8,212,400"
504,"Oct 19, 2022",100.44,101.87,98.50,98.99,98.22,"11,731,000"
505,"Oct 18, 2022",99.87,100.37,97.64,98.48,97.71,"8,533,500"
506,"Oct 17, 2022",96.38,97.97,96.26,97.33,96.57,"7,083,800"
507,"Oct 14, 2022",97.47,98.09,94.33,94.45,93.71,"8,202,100"
508,"Oct 13, 2022",91.57,96.97,90.71,96.64,95.88,"11,025,400"
509,"Oct 12, 2022",93.16,94.07,92.20,93.41,92.68,"6,156,200"
510,"Oct 11, 2022",94.81,95.06,92.65,93.10,92.37,"8,900,900"
511,"Oct 10, 2022",97.59,97.74,94.42,95.16,94.42,"9,532,300"
512,"Oct 7, 2022",98.51,98.80,96.45,97.16,96.40,"7,051,000"
513,"Oct 6, 2022",100.43,101.46,99.87,100.04,99.26,"6,728,200"
514,"Oct 5, 2022",100.04,101.22,98.70,100.80,100.01,"7,562,800"
515,"Oct 4, 2022",98.68,101.52,98.23,101.44,100.65,"10,229,000"
516,"Oct 3, 2022",95.73,97.78,94.50,97.13,96.37,"9,468,400"
517,"Sep 30, 2022",96.50,97.48,94.28,94.33,93.59,"12,094,900"
518,"Sep 29, 2022",98.53,98.60,96.23,97.45,96.69,"9,435,100"
519,"Sep 28, 2022",95.79,99.87,95.45,99.40,98.62,"12,895,500"
520,"Sep 27, 2022",99.53,99.64,95.43,95.85,95.10,"13,360,200"
521,"Sep 26, 2022",98.95,100.66,98.06,98.12,97.35,"9,760,500"
522,"Sep 23, 2022",100.62,101.18,98.02,99.50,98.72,"11,976,900"
523,"Sep 22, 2022",104.21,104.66,102.02,102.16,101.36,"10,953,400"
524,"Sep 21, 2022",107.39,108.04,104.49,104.49,103.67,"9,776,400"
525,"Sep 20, 2022",108.28,108.41,106.86,107.57,106.73,"6,957,400"
526,"Sep 19, 2022",107.53,109.22,107.04,109.17,108.32,"7,979,500"
527,"Sep 16, 2022",109.21,109.58,106.96,108.25,107.40,"15,978,800"
528,"Sep 15, 2022",112.39,114.41,110.71,110.77,109.90,"9,739,800"
529,"Sep 14, 2022",111.85,112.74,109.88,112.50,111.62,"8,610,400"
530,"Sep 13, 2022",113.05,113.82,111.17,111.76,110.89,"10,504,600"
531,"Sep 12, 2022",116.14,117.49,115.27,116.39,115.48,"7,923,400"
532,"Sep 9, 2022",113.27,115.53,113.19,115.18,114.28,"9,563,100"
533,"Sep 8, 2022",111.07,112.99,110.36,112.33,111.45,"8,443,300"
534,"Sep 7, 2022",109.87,112.96,109.87,112.69,111.81,"8,193,900"
535,"Sep 6, 2022",111.77,111.78,108.52,110.09,109.23,"9,537,300"
536,"Sep 2, 2022",113.05,113.89,110.84,111.20,110.33,"8,465,100"
537,"Sep 1, 2022",111.79,112.59,110.03,112.53,111.65,"7,718,700"
538,"Aug 31, 2022",112.87,113.75,111.85,112.08,111.20,"7,353,000"
539,"Aug 30, 2022",114.28,114.75,111.45,112.43,111.55,"8,060,000"
540,"Aug 29, 2022",112.54,114.47,112.41,113.53,112.64,"6,882,700"
541,"Aug 26, 2022",117.47,118.37,113.89,114.07,113.18,"7,807,400"
542,"Aug 25, 2022",117.02,117.77,116.11,117.46,116.54,"6,920,900"
543,"Aug 24, 2022",114.67,117.16,114.10,116.41,115.50,"7,840,500"
544,"Aug 23, 2022",115.98,116.37,114.62,114.86,113.96,"7,180,700"
545,"Aug 22, 2022",117.70,118.21,115.69,115.94,115.03,"11,575,800"
546,"Aug 19, 2022",121.25,121.39,119.48,120.14,119.20,"8,702,500"
547,"Aug 18, 2022",123.01,123.13,121.71,122.67,121.71,"7,343,900"
548,"Aug 17, 2022",123.45,124.48,122.57,122.81,121.85,"9,140,900"
549,"Aug 16, 2022",124.73,126.48,123.45,124.96,123.98,"14,607,300"
550,"Aug 15, 2022",121.00,125.96,120.99,124.26,123.29,"24,628,300"
551,"Aug 12, 2022",119.00,121.61,118.92,121.57,120.62,"21,964,800"
552,"Aug 11, 2022",122.21,123.27,117.33,117.69,116.77,"50,375,000"
553,"Aug 10, 2022",112.48,112.67,109.91,112.43,111.55,"26,398,700"
554,"Aug 9, 2022",109.22,109.22,107.03,108.13,107.28,"8,776,500"
555,"Aug 8, 2022",108.21,111.23,107.90,109.11,108.26,"13,025,900"
556,"Aug 5, 2022",106.81,107.70,105.37,106.63,105.80,"10,100,000"
557,"Aug 4, 2022",108.92,109.45,107.66,108.12,107.27,"7,322,400"
558,"Aug 3, 2022",105.73,109.70,105.73,109.02,108.17,"11,243,000"
559,"Aug 2, 2022",105.74,106.36,104.62,104.71,103.89,"9,093,000"
560,"Aug 1, 2022",104.87,106.65,103.86,106.22,105.39,"7,769,700"
561,"Jul 29, 2022",105.14,106.34,103.37,106.10,105.27,"10,320,000"
562,"Jul 28, 2022",103.25,104.97,102.71,104.90,104.08,"7,970,300"
563,"Jul 27, 2022",100.97,103.65,100.81,103.50,102.69,"9,684,800"
564,"Jul 26, 2022",102.14,102.36,99.56,99.78,99.00,"6,346,600"
565,"Jul 25, 2022",102.78,103.39,101.81,102.69,101.89,"6,726,700"
566,"Jul 22, 2022",103.28,104.57,102.11,102.72,101.92,"7,803,500"
567,"Jul 21, 2022",102.71,104.25,101.61,104.18,103.36,"8,611,300"
568,"Jul 20, 2022",100.25,104.26,99.95,103.35,102.54,"15,112,700"
569,"Jul 19, 2022",96.68,99.85,96.68,99.61,98.83,"13,683,400"
570,"Jul 18, 2022",96.36,97.27,95.31,95.70,94.95,"10,430,400"
571,"Jul 15, 2022",92.91,95.32,92.70,95.20,94.45,"14,946,700"
572,"Jul 14, 2022",91.48,92.04,90.23,91.84,91.12,"11,146,400"
573,"Jul 13, 2022",92.12,93.25,91.01,92.94,92.21,"12,006,400"
574,"Jul 12, 2022",93.58,95.25,93.31,93.60,92.87,"8,665,300"
575,"Jul 11, 2022",95.00,95.34,93.43,93.64,92.91,"7,643,700"
576,"Jul 8, 2022",96.57,97.12,95.35,95.86,95.11,"7,717,300"
577,"Jul 7, 2022",96.90,97.53,95.93,97.43,96.67,"7,813,100"
578,"Jul 6, 2022",97.53,98.19,95.40,96.08,95.33,"8,640,200"
579,"Jul 5, 2022",94.26,97.23,92.31,97.18,96.42,"10,660,600"
580,"Jul 1, 2022",94.24,96.31,93.98,96.14,95.39,"10,543,400"
581,"Jun 30, 2022",94.42,95.44,92.54,94.40,93.66,"10,983,500"
582,"Jun 29, 2022",95.95,96.20,94.53,95.65,94.90,"8,653,200"
583,"Jun 28, 2022",99.74,100.40,95.78,95.92,95.17,"16,812,400"
584,"Jun 27, 2022",98.22,98.23,95.80,96.61,95.85,"10,793,700"
585,"Jun 24, 2022",95.45,98.57,95.40,97.78,97.01,"11,681,200"
586,"Jun 23, 2022",93.96,94.65,92.07,94.30,93.56,"11,348,800"
587,"Jun 22, 2022",92.17,94.61,92.01,93.50,92.77,"11,403,500"
588,"Jun 21, 2022",94.90,95.45,93.27,93.29,92.56,"16,649,800"
589,"Jun 17, 2022",94.01,95.97,93.47,94.34,93.60,"15,403,800"
590,"Jun 16, 2022",94.01,95.38,93.41,94.28,93.54,"15,298,500"
591,"Jun 15, 2022",94.61,97.30,94.09,95.88,95.13,"11,751,600"
592,"Jun 14, 2022",96.27,96.27,93.10,94.22,93.48,"12,443,700"
593,"Jun 13, 2022",97.61,97.61,94.83,95.71,94.96,"15,239,700"
594,"Jun 10, 2022",101.43,102.12,99.38,99.40,98.62,"15,369,700"
595,"Jun 9, 2022",106.53,107.06,103.25,103.30,102.49,"8,261,200"
596,"Jun 8, 2022",107.43,109.36,106.96,107.34,106.50,"7,019,500"
597,"Jun 7, 2022",106.79,107.92,106.00,107.79,106.95,"7,279,100"
598,"Jun 6, 2022",109.75,110.19,107.65,107.83,106.99,"7,575,900"
599,"Jun 3, 2022",109.17,109.85,107.92,108.67,107.82,"6,767,600"
600,"Jun 2, 2022",109.43,110.95,107.91,110.87,110.00,"8,829,900"
601,"Jun 1, 2022",112.01,112.85,108.27,109.19,108.34,"11,829,700"
602,"May 31, 2022",110.00,111.24,107.91,110.44,109.58,"20,274,600"
603,"May 27, 2022",106.89,109.37,106.53,109.32,108.46,"13,671,300"
604,"May 26, 2022",104.22,106.13,103.96,105.61,104.78,"11,297,800"
605,"May 25, 2022",101.43,103.81,101.16,103.26,102.45,"11,026,600"
606,"May 24, 2022",103.71,103.84,100.13,101.59,100.79,"13,970,200"
607,"May 23, 2022",103.76,106.03,101.56,105.83,105.00,"14,402,400"
608,"May 20, 2022",104.49,104.80,100.05,102.42,101.62,"15,650,400"
609,"May 19, 2022",103.43,105.30,102.96,103.14,102.33,"11,285,000"
610,"May 18, 2022",107.38,107.66,103.88,104.30,103.48,"11,794,000"
611,"May 17, 2022",107.73,108.79,106.30,108.64,107.79,"11,847,600"
612,"May 16, 2022",107.46,107.62,104.85,105.18,104.36,"11,993,600"
613,"May 13, 2022",105.36,107.69,105.31,107.33,106.49,"16,782,600"
614,"May 12, 2022",102.90,105.00,99.47,104.31,103.49,"36,298,800"
615,"May 11, 2022",107.90,110.07,104.79,105.21,104.39,"26,933,300"
616,"May 10, 2022",109.84,110.70,106.14,107.68,106.84,"15,657,700"
617,"May 9, 2022",108.11,110.74,106.48,106.98,106.14,"17,941,600"
618,"May 6, 2022",111.77,112.09,108.30,110.29,109.43,"12,525,200"
619,"May 5, 2022",114.74,115.27,111.48,112.61,111.73,"12,720,200"
620,"May 4, 2022",113.37,116.44,111.83,116.19,115.28,"11,488,300"
621,"May 3, 2022",114.05,114.83,112.69,113.55,112.66,"11,149,500"
622,"May 2, 2022",111.71,113.66,111.01,113.50,112.61,"14,300,700"
623,"Apr 29, 2022",115.20,115.99,111.36,111.63,110.76,"16,907,000"
624,"Apr 28, 2022",115.22,116.00,112.69,115.29,114.39,"23,192,100"
625,"Apr 27, 2022",115.43,116.90,113.39,115.21,114.31,"15,553,000"
626,"Apr 26, 2022",119.15,119.15,115.64,115.77,114.86,"16,116,000"
627,"Apr 25, 2022",117.66,120.33,116.75,119.95,119.01,"16,491,000"
628,"Apr 22, 2022",120.01,121.89,118.15,118.27,117.34,"19,472,800"
629,"Apr 21, 2022",125.54,126.45,121.28,121.66,120.71,"18,688,600"
630,"Apr 20, 2022",126.05,127.35,124.11,124.57,123.60,"36,465,700"
631,"Apr 19, 2022",128.09,133.19,127.79,131.90,130.87,"12,767,200"
632,"Apr 18, 2022",130.07,130.22,126.82,127.77,126.77,"10,571,000"
633,"Apr 14, 2022",132.81,133.59,130.35,130.47,129.45,"7,283,500"
634,"Apr 13, 2022",131.05,132.89,130.75,132.35,131.31,"7,694,500"
635,"Apr 12, 2022",131.81,133.21,130.15,130.84,129.82,"7,885,600"
636,"Apr 11, 2022",130.04,132.43,130.04,130.65,129.63,"9,915,300"
637,"Apr 8, 2022",132.00,133.12,130.63,131.87,130.84,"6,702,000"
638,"Apr 7, 2022",133.01,133.21,130.02,131.87,130.84,"9,858,700"
639,"Apr 6, 2022",133.75,133.93,130.81,132.57,131.53,"11,679,700"
640,"Apr 5, 2022",137.74,139.20,135.13,135.62,134.56,"8,694,100"
641,"Apr 4, 2022",136.97,139.26,136.89,138.58,137.50,"8,174,600"
642,"Apr 1, 2022",137.34,138.10,135.53,137.00,135.93,"10,341,000"
643,"Mar 31, 2022",140.14,140.88,137.11,137.16,136.09,"12,306,500"
644,"Mar 30, 2022",141.31,143.27,140.08,140.96,139.86,"7,922,400"
645,"Mar 29, 2022",140.96,144.46,140.96,142.38,141.27,"11,280,700"
646,"Mar 28, 2022",138.88,139.63,136.28,138.72,137.63,"8,456,100"
647,"Mar 25, 2022",139.28,140.38,138.12,139.14,138.05,"5,949,400"
648,"Mar 24, 2022",138.58,139.27,137.41,138.96,137.87,"5,858,800"
649,"Mar 23, 2022",139.07,139.76,137.54,137.64,136.56,"8,761,300"
650,"Mar 22, 2022",139.06,142.19,138.90,140.11,139.01,"8,511,600"
651,"Mar 21, 2022",138.90,139.30,136.88,138.62,137.54,"9,090,300"
652,"Mar 18, 2022",139.55,140.73,138.30,140.30,139.20,"11,308,800"
653,"Mar 17, 2022",137.44,139.47,136.56,139.47,138.38,"6,816,000"
654,"Mar 16, 2022",135.65,138.98,134.94,138.14,137.06,"10,638,700"
655,"Mar 15, 2022",129.74,134.56,129.51,134.20,133.15,"9,834,800"
656,"Mar 14, 2022",130.98,133.07,128.38,129.03,128.02,"9,971,500"
657,"Mar 11, 2022",135.08,136.16,131.57,131.75,130.72,"7,058,400"
658,"Mar 10, 2022",132.36,134.20,131.62,133.64,132.59,"8,447,200"
659,"Mar 9, 2022",135.49,135.50,133.36,133.65,132.60,"14,673,100"
660,"Mar 8, 2022",133.02,135.49,129.29,131.75,130.72,"16,552,000"
661,"Mar 7, 2022",140.28,140.89,133.44,133.50,132.46,"14,549,700"
662,"Mar 4, 2022",144.01,144.26,139.55,140.72,139.62,"12,913,000"
663,"Mar 3, 2022",147.31,148.65,144.45,145.57,144.43,"8,048,400"
664,"Mar 2, 2022",146.31,148.47,145.92,147.34,146.19,"7,851,000"
665,"Mar 1, 2022",147.86,148.15,143.78,145.70,144.56,"8,944,000"
666,"Feb 28, 2022",147.83,149.48,146.46,148.46,147.30,"10,834,700"
667,"Feb 25, 2022",149.56,150.28,147.22,149.53,148.36,"10,149,500"
668,"Feb 24, 2022",140.00,149.57,140.00,149.40,148.23,"12,475,500"
669,"Feb 23, 2022",149.50,149.74,145.50,145.87,144.73,"9,300,700"
670,"Feb 22, 2022",150.19,150.79,147.61,148.09,146.93,"12,227,200"
671,"Feb 18, 2022",152.91,153.68,150.05,151.36,150.18,"10,785,500"
672,"Feb 17, 2022",154.69,155.36,152.61,152.95,151.75,"8,110,300"
673,"Feb 16, 2022",154.98,156.73,153.75,156.35,155.13,"10,656,400"
674,"Feb 15, 2022",153.54,154.85,152.51,154.72,153.51,"12,726,000"
675,"Feb 14, 2022",149.37,153.73,149.21,150.85,149.67,"14,694,700"
676,"Feb 11, 2022",153.54,154.69,148.56,149.47,148.30,"17,975,200"
677,"Feb 10, 2022",156.02,157.50,151.11,152.16,150.97,"42,500,300"
678,"Feb 9, 2022",144.37,147.35,143.25,147.23,146.08,"22,877,400"
679,"Feb 8, 2022",141.79,142.89,140.74,142.48,141.36,"9,231,700"
680,"Feb 7, 2022",143.39,144.09,141.61,142.51,141.39,"10,937,500"
681,"Feb 4, 2022",140.04,143.19,139.53,142.02,140.91,"8,061,100"
682,"Feb 3, 2022",140.00,142.04,139.25,140.03,138.93,"9,820,600"
683,"Feb 2, 2022",144.19,144.59,141.38,142.62,141.50,"9,529,900"
684,"Feb 1, 2022",143.02,144.69,142.25,144.49,143.36,"8,573,300"
685,"Jan 31, 2022",138.86,143.15,138.47,142.97,141.85,"10,185,500"
686,"Jan 28, 2022",135.21,138.69,133.56,138.63,137.55,"10,011,700"
687,"Jan 27, 2022",135.07,137.91,134.02,135.42,134.36,"11,913,900"
688,"Jan 26, 2022",137.71,138.20,132.26,133.60,132.55,"14,569,900"
689,"Jan 25, 2022",135.29,137.75,132.38,136.51,135.44,"14,694,400"
690,"Jan 24, 2022",134.82,137.68,129.26,137.46,136.38,"31,419,500"
691,"Jan 21, 2022",141.23,141.87,136.63,137.38,136.30,"34,491,800"
692,"Jan 20, 2022",150.91,152.66,147.15,147.62,146.46,"11,760,400"
693,"Jan 19, 2022",150.84,152.86,149.96,150.11,148.94,"10,413,200"
694,"Jan 18, 2022",151.11,153.13,149.83,152.27,151.08,"10,419,500"
695,"Jan 14, 2022",152.35,152.62,148.42,151.94,150.75,"16,832,000"
696,"Jan 13, 2022",157.70,158.53,155.17,155.44,154.22,"9,680,600"
697,"Jan 12, 2022",158.50,158.99,156.33,157.80,156.57,"6,995,600"
698,"Jan 11, 2022",156.62,158.22,155.95,157.89,156.65,"8,042,600"
699,"Jan 10, 2022",157.98,158.27,154.65,156.60,155.37,"8,672,900"
700,"Jan 7, 2022",156.90,159.30,156.29,157.83,156.59,"9,554,600"
701,"Jan 6, 2022",156.24,157.77,153.68,156.90,155.67,"11,095,300"
702,"Jan 5, 2022",156.52,159.38,155.10,155.19,153.98,"12,272,100"
703,"Jan 4, 2022",158.59,160.32,155.55,155.73,154.51,"16,582,000"
704,"Jan 3, 2022",155.83,157.56,155.36,156.76,155.53,"10,222,800"
705,"Dec 31, 2021",155.87,156.57,154.74,154.89,153.68,"6,410,200"
706,"Dec 30, 2021",155.71,157.07,155.51,155.93,154.71,"7,228,400"
707,"Dec 29, 2021",154.56,155.92,154.18,154.87,153.66,"8,737,000"
708,"Dec 28, 2021",152.62,156.50,152.41,155.20,153.99,"12,198,700"
709,"Dec 27, 2021",152.88,154.02,151.40,152.80,151.60,"7,762,000"
710,"Dec 23, 2021",152.32,154.19,151.93,153.63,152.43,"6,572,400"
711,"Dec 22, 2021",150.42,152.20,149.87,151.88,150.69,"7,820,400"
712,"Dec 21, 2021",147.56,151.43,147.39,151.05,149.87,"10,781,400"
713,"Dec 20, 2021",146.98,147.73,145.08,146.47,145.32,"11,201,900"
714,"Dec 17, 2021",148.51,149.84,146.57,148.76,147.60,"13,785,000"
715,"Dec 16, 2021",151.35,152.06,148.58,148.75,147.59,"11,145,600"
716,"Dec 15, 2021",148.76,150.92,147.35,150.40,149.22,"12,231,500"
717,"Dec 14, 2021",149.26,151.62,148.52,149.10,147.93,"10,872,000"
718,"Dec 13, 2021",152.12,152.50,149.29,150.43,149.25,"10,195,800"
719,"Dec 10, 2021",153.58,154.66,151.45,152.71,151.51,"10,247,900"
720,"Dec 9, 2021",152.27,154.29,151.70,152.94,151.74,"11,862,300"
721,"Dec 8, 2021",150.91,153.66,150.56,153.34,152.14,"12,886,300"
722,"Dec 7, 2021",151.84,152.76,149.72,150.81,149.63,"14,661,100"
723,"Dec 6, 2021",147.28,150.74,146.67,150.37,149.19,"14,333,900"
724,"Dec 3, 2021",147.81,148.32,144.32,146.22,145.08,"14,975,600"
725,"Dec 2, 2021",142.84,147.65,142.77,147.20,146.05,"18,177,700"
726,"Dec 1, 2021",146.70,148.37,142.04,142.15,141.04,"16,469,000"
727,"Nov 30, 2021",146.72,147.28,143.11,144.90,143.77,"26,011,100"
728,"Nov 29, 2021",148.81,149.30,144.25,147.81,146.65,"21,231,300"
729,"Nov 26, 2021",146.80,148.85,145.85,148.11,146.95,"12,027,700"
730,"Nov 24, 2021",150.69,151.41,148.80,151.34,150.16,"14,123,700"
731,"Nov 23, 2021",153.84,154.25,150.19,151.03,149.85,"17,382,900"
732,"Nov 22, 2021",153.23,155.82,152.57,154.16,152.95,"12,790,400"
733,"Nov 19, 2021",155.02,155.21,152.77,154.00,152.79,"16,776,500"
734,"Nov 18, 2021",157.09,157.30,153.71,155.58,154.36,"14,487,700"
735,"Nov 17, 2021",158.73,158.89,156.75,157.33,156.10,"14,695,500"
736,"Nov 16, 2021",159.06,160.24,158.55,158.83,157.59,"15,516,200"
737,"Nov 15, 2021",160.09,160.72,157.66,158.43,157.19,"21,285,300"
738,"Nov 12, 2021",163.52,163.61,158.93,159.63,158.38,"25,638,400"
739,"Nov 11, 2021",162.89,163.96,158.33,162.11,160.84,"62,366,500"
740,"Nov 10, 2021",174.69,176.87,173.87,174.45,173.08,"11,045,800"
741,"Nov 9, 2021",176.95,177.12,173.21,175.11,173.74,"7,293,300"
742,"Nov 8, 2021",178.69,179.25,176.10,176.87,175.49,"10,584,600"
743,"Nov 5, 2021",173.50,176.99,172.33,175.63,174.26,"16,859,200"
744,"Nov 4, 2021",170.03,170.42,168.67,170.28,168.95,"7,505,500"
745,"Nov 3, 2021",169.70,170.19,168.37,170.08,168.75,"6,829,300"
746,"Nov 2, 2021",170.03,170.85,168.98,169.83,168.50,"6,777,200"
747,"Nov 1, 2021",169.21,171.25,169.09,170.19,168.86,"8,182,900"
748,"Oct 29, 2021",169.02,170.46,168.15,169.07,167.75,"7,598,800"
749,"Oct 28, 2021",169.48,170.35,168.60,169.68,168.35,"7,884,500"
750,"Oct 27, 2021",171.77,172.04,169.43,169.55,168.22,"7,054,700"
751,"Oct 26, 2021",172.95,173.12,170.71,172.04,170.69,"5,850,200"
752,"Oct 25, 2021",169.90,172.57,169.03,172.01,170.66,"9,798,700"
753,"Oct 22, 2021",170.57,170.80,168.60,169.42,168.09,"7,854,300"
754,"Oct 21, 2021",170.20,172.50,170.10,171.34,170.00,"7,509,000"
755,"Oct 20, 2021",170.97,171.02,169.88,170.55,169.22,"9,737,600"
756,"Oct 19, 2021",171.44,171.58,170.18,171.18,169.84,"9,669,500"
757,"Oct 18, 2021",172.36,173.34,169.80,171.14,169.80,"20,494,800"
758,"Oct 15, 2021",175.69,178.89,174.10,176.46,175.08,"13,943,900"
759,"Oct 14, 2021",174.07,176.02,174.00,174.41,173.05,"7,450,200"
760,"Oct 13, 2021",173.63,173.70,170.94,172.96,171.61,"8,914,700"
761,"Oct 12, 2021",173.62,174.49,172.55,173.13,171.78,"5,188,400"
762,"Oct 11, 2021",176.02,176.52,173.48,173.52,172.16,"8,046,300"
763,"Oct 8, 2021",177.93,178.60,176.40,176.74,175.36,"4,132,200"
764,"Oct 7, 2021",177.70,179.63,177.33,177.71,176.32,"7,780,000"
765,"Oct 6, 2021",173.00,175.71,171.55,175.48,174.11,"6,005,200"
766,"Oct 5, 2021",173.83,176.24,173.61,174.61,173.24,"6,798,200"
767,"Oct 4, 2021",175.56,175.96,172.67,173.46,172.10,"7,200,600"
768,"Oct 1, 2021",172.28,177.32,171.97,176.01,174.63,"12,165,000"
769,"Sep 30, 2021",173.10,173.68,169.10,169.17,167.85,"13,978,000"
770,"Sep 29, 2021",174.25,174.96,172.59,172.68,171.33,"6,240,800"
771,"Sep 28, 2021",177.75,178.00,173.86,174.52,173.15,"9,133,100"
772,"Sep 27, 2021",176.63,179.45,175.96,178.26,176.86,"7,755,000"
773,"Sep 24, 2021",175.30,176.70,175.08,176.00,174.62,"5,712,800"
774,"Sep 23, 2021",174.94,177.19,174.37,176.25,174.87,"8,052,900"
775,"Sep 22, 2021",172.94,175.34,171.66,173.65,172.29,"14,214,500"
776,"Sep 21, 2021",180.32,182.23,169.03,171.17,169.83,"23,216,000"
777,"Sep 20, 2021",179.74,180.88,176.55,178.61,177.21,"8,056,600"
778,"Sep 17, 2021",182.91,185.90,182.73,183.47,182.03,"10,035,100"
779,"Sep 16, 2021",183.97,184.64,182.12,183.34,181.91,"5,678,200"
780,"Sep 15, 2021",182.06,184.66,181.10,184.41,182.97,"5,933,400"
781,"Sep 14, 2021",184.96,185.13,182.15,182.40,180.97,"6,185,900"
782,"Sep 13, 2021",185.12,185.80,183.50,184.98,183.53,"6,818,200"
783,"Sep 10, 2021",186.36,187.10,184.01,184.12,182.68,"5,572,200"
784,"Sep 9, 2021",185.15,187.58,184.57,185.91,184.46,"7,190,700"
785,"Sep 8, 2021",184.34,187.46,183.92,185.15,183.70,"8,634,000"
786,"Sep 7, 2021",181.02,185.55,180.05,184.34,182.90,"10,702,900"
787,"Sep 3, 2021",181.82,181.82,179.13,181.00,179.58,"6,847,400"
788,"Sep 2, 2021",184.16,185.30,181.55,181.86,180.44,"6,492,600"
789,"Sep 1, 2021",181.96,184.21,181.78,183.48,182.04,"7,302,800"
790,"Aug 31, 2021",179.25,182.98,178.53,181.30,179.88,"8,620,000"
791,"Aug 30, 2021",180.50,181.39,178.87,179.98,178.57,"6,421,300"
792,"Aug 27, 2021",176.28,180.54,176.28,180.14,178.73,"8,697,000"
793,"Aug 26, 2021",178.34,178.94,176.34,176.56,175.18,"4,563,000"
794,"Aug 25, 2021",178.16,178.59,176.88,178.31,176.91,"4,842,100"
795,"Aug 24, 2021",177.92,180.08,177.76,178.47,177.07,"5,886,900"
796,"Aug 23, 2021",177.08,178.31,175.91,177.66,176.27,"7,395,900"
797,"Aug 20, 2021",173.00,175.21,172.65,175.12,173.75,"6,239,600"
798,"Aug 19, 2021",174.00,174.68,172.56,173.25,171.89,"8,478,600"
799,"Aug 18, 2021",175.90,176.79,174.50,174.74,173.37,"7,063,500"
800,"Aug 17, 2021",177.15,178.45,174.92,175.83,174.45,"8,534,500"
801,"Aug 16, 2021",180.51,180.59,176.51,179.09,177.69,"8,746,700"
802,"Aug 13, 2021",186.29,187.58,180.88,181.08,179.66,"32,504,600"
803,"Aug 12, 2021",178.09,179.72,176.45,179.29,177.89,"11,081,300"
804,"Aug 11, 2021",177.36,178.49,176.51,178.09,176.70,"5,359,900"
805,"Aug 10, 2021",176.25,177.40,175.58,177.07,175.68,"5,185,000"
806,"Aug 9, 2021",177.00,177.31,175.06,176.72,175.34,"5,339,000"
807,"Aug 6, 2021",177.43,178.81,176.63,177.13,175.74,"5,505,200"
808,"Aug 5, 2021",172.49,177.12,172.49,176.71,175.33,"8,864,200"
809,"Aug 4, 2021",172.50,173.25,171.34,172.58,171.23,"5,665,800"
810,"Aug 3, 2021",176.02,176.13,170.92,172.99,171.64,"9,931,300"
811,"Aug 2, 2021",177.22,178.82,175.31,175.55,174.18,"5,847,200"
812,"Jul 30, 2021",177.53,179.20,175.14,176.02,174.64,"6,813,400"
813,"Jul 29, 2021",179.81,181.42,178.27,178.35,176.95,"6,209,100"
814,"Jul 28, 2021",179.69,180.35,177.55,179.10,177.70,"5,926,900"
815,"Jul 27, 2021",178.25,179.56,176.57,179.50,178.10,"6,684,100"
816,"Jul 26, 2021",175.62,178.78,175.34,178.74,177.34,"5,641,000"
817,"Jul 23, 2021",175.66,176.50,174.03,176.14,174.76,"5,126,300"
818,"Jul 22, 2021",176.70,176.72,173.90,175.13,173.76,"5,713,700"
819,"Jul 21, 2021",176.50,177.90,175.32,176.89,175.51,"6,302,200"
820,"Jul 20, 2021",173.70,177.51,172.87,176.75,175.37,"8,372,400"
821,"Jul 19, 2021",175.71,176.48,172.16,172.95,171.60,"14,651,800"
822,"Jul 16, 2021",184.94,185.29,178.92,179.31,177.91,"8,348,800"
823,"Jul 15, 2021",183.45,185.42,183.05,184.15,182.71,"7,867,000"
824,"Jul 14, 2021",185.20,186.29,182.08,183.42,181.98,"8,787,300"
825,"Jul 13, 2021",184.09,185.67,181.84,183.65,182.21,"12,534,600"
826,"Jul 12, 2021",177.71,184.99,177.37,184.38,182.94,"21,835,500"
827,"Jul 9, 2021",174.70,177.52,173.93,177.04,175.65,"7,873,300"
828,"Jul 8, 2021",170.18,173.75,169.81,172.80,171.45,"6,960,100"
829,"Jul 7, 2021",172.86,174.32,171.99,172.82,171.47,"6,757,300"
830,"Jul 6, 2021",176.76,177.00,172.22,173.69,172.33,"11,557,900"
831,"Jul 2, 2021",177.86,178.36,174.62,177.11,175.72,"11,099,300"
832,"Jul 1, 2021",175.35,177.60,174.60,177.26,175.87,"5,887,100"
833,"Jun 30, 2021",173.89,175.98,173.34,175.77,174.39,"7,481,900"
834,"Jun 29, 2021",176.64,177.02,173.80,173.93,172.57,"13,498,300"
835,"Jun 28, 2021",178.50,178.66,174.99,176.57,175.19,"9,881,400"
836,"Jun 25, 2021",178.83,179.09,177.49,178.35,176.95,"7,431,800"
837,"Jun 24, 2021",176.13,178.24,175.78,177.93,176.54,"7,549,400"
838,"Jun 23, 2021",173.62,175.45,172.94,175.33,173.96,"9,174,200"
839,"Jun 22, 2021",174.37,174.70,172.35,173.50,172.14,"8,097,100"
840,"Jun 21, 2021",172.13,174.26,171.31,173.97,172.61,"9,196,900"
841,"Jun 18, 2021",173.14,173.86,172.12,172.42,171.07,"12,357,500"
842,"Jun 17, 2021",174.59,176.26,173.84,174.65,173.28,"8,906,000"
843,"Jun 16, 2021",176.01,176.26,173.55,174.66,173.29,"8,336,000"
844,"Jun 15, 2021",178.18,178.70,175.62,175.86,174.48,"7,895,000"
845,"Jun 14, 2021",177.65,178.87,176.90,178.18,176.79,"10,170,000"
846,"Jun 11, 2021",177.45,178.49,176.81,177.38,175.99,"5,476,300"
847,"Jun 10, 2021",176.44,177.61,175.55,176.57,175.19,"5,253,000"
848,"Jun 9, 2021",176.31,177.33,175.88,176.04,174.66,"5,082,400"
849,"Jun 8, 2021",175.97,177.12,175.19,176.33,174.95,"5,356,200"
850,"Jun 7, 2021",177.97,178.07,176.40,176.99,175.60,"5,178,100"
851,"Jun 4, 2021",175.93,177.52,175.61,177.18,175.79,"6,343,400"
852,"Jun 3, 2021",176.27,176.97,175.42,176.24,174.86,"5,583,900"
853,"Jun 2, 2021",179.04,179.10,176.93,177.00,175.61,"7,851,700"
854,"Jun 1, 2021",180.18,181.01,178.74,178.84,177.44,"7,475,600"
855,"May 28, 2021",179.51,180.14,178.08,178.65,177.25,"7,124,800"
856,"May 27, 2021",177.20,179.59,176.79,179.04,177.64,"13,567,800"
857,"May 26, 2021",176.62,177.90,176.20,176.47,175.09,"8,086,200"
858,"May 25, 2021",175.60,177.45,175.40,176.17,174.79,"8,089,700"
859,"May 24, 2021",172.45,175.11,171.75,174.31,172.95,"7,346,700"
860,"May 21, 2021",172.22,173.12,171.52,172.40,171.05,"8,105,700"
861,"May 20, 2021",169.21,171.90,168.98,171.36,170.02,"7,400,700"
862,"May 19, 2021",167.71,169.40,167.10,169.27,167.95,"9,251,000"
863,"May 18, 2021",170.26,171.26,169.45,169.68,168.35,"10,401,000"
864,"May 17, 2021",172.70,172.99,168.57,170.08,168.75,"17,771,600"
865,"May 14, 2021",172.93,174.91,168.78,173.70,172.34,"33,149,400"
866,"May 13, 2021",178.37,180.75,175.80,178.34,176.94,"12,332,200"
867,"May 12, 2021",180.70,182.46,177.58,177.85,176.46,"8,988,100"
868,"May 11, 2021",181.80,182.25,178.43,181.67,180.25,"10,865,600"
869,"May 10, 2021",185.70,186.97,184.03,184.30,182.86,"8,260,300"
870,"May 7, 2021",182.00,185.12,181.51,184.84,183.39,"6,888,400"
871,"May 6, 2021",182.78,182.99,179.81,181.79,180.37,"6,944,900"
872,"May 5, 2021",185.01,185.01,181.36,181.51,180.09,"5,901,700"
873,"May 4, 2021",184.87,185.63,182.31,184.25,182.81,"7,069,300"
874,"May 3, 2021",187.69,189.22,185.25,185.51,184.06,"7,542,800"
875,"Apr 30, 2021",184.29,186.32,183.54,186.02,184.56,"7,866,300"
876,"Apr 29, 2021",184.80,185.55,182.75,185.33,183.88,"5,958,300"
877,"Apr 28, 2021",184.79,184.79,182.82,183.39,181.95,"5,199,300"
878,"Apr 27, 2021",184.99,185.81,184.15,184.64,183.20,"4,870,000"
879,"Apr 26, 2021",183.96,185.60,183.26,184.27,182.83,"6,178,300"
880,"Apr 23, 2021",182.35,183.90,181.96,183.02,181.59,"6,075,500"
881,"Apr 22, 2021",184.22,184.88,181.26,182.76,181.33,"7,378,300"
882,"Apr 21, 2021",181.29,183.38,178.86,183.11,181.68,"8,400,200"
883,"Apr 20, 2021",187.29,188.08,181.82,182.79,181.36,"10,765,800"
884,"Apr 19, 2021",187.51,190.33,185.65,187.43,185.96,"7,625,800"
885,"Apr 16, 2021",187.57,189.47,186.20,187.26,185.79,"9,453,500"
886,"Apr 15, 2021",188.09,188.90,185.70,185.93,184.47,"7,262,500"
887,"Apr 14, 2021",185.97,190.40,185.71,187.46,185.99,"9,089,900"
888,"Apr 13, 2021",185.59,186.44,184.60,185.49,184.04,"6,826,500"
889,"Apr 12, 2021",187.75,187.85,185.48,186.49,185.03,"6,662,500"
890,"Apr 9, 2021",188.17,188.22,186.15,187.89,186.42,"6,089,300"
891,"Apr 8, 2021",187.20,188.05,185.63,187.32,185.85,"7,763,000"
892,"Apr 7, 2021",189.80,190.33,186.95,187.56,186.09,"6,238,700"
893,"Apr 6, 2021",188.50,191.28,187.87,189.73,188.25,"7,926,200"
894,"Apr 5, 2021",191.47,191.67,188.09,188.50,187.02,"7,405,300"
895,"Apr 1, 2021",186.43,189.10,185.59,188.97,187.49,"7,749,400"
896,"Mar 31, 2021",185.83,186.90,184.42,184.52,183.08,"8,478,000"
897,"Mar 30, 2021",183.83,186.32,183.56,185.53,184.08,"5,929,700"
898,"Mar 29, 2021",185.24,185.94,183.15,184.85,183.40,"7,544,700"
899,"Mar 26, 2021",188.83,188.98,182.57,185.92,184.46,"10,196,100"
900,"Mar 25, 2021",181.85,187.71,181.01,186.91,185.45,"9,609,200"
901,"Mar 24, 2021",190.06,190.50,184.64,184.72,183.27,"13,549,100"
902,"Mar 23, 2021",191.59,192.34,187.97,188.73,187.25,"10,701,200"
903,"Mar 22, 2021",193.26,196.33,192.00,192.86,191.35,"8,838,500"
904,"Mar 19, 2021",190.92,194.00,189.76,191.14,189.64,"28,354,600"
905,"Mar 18, 2021",194.95,195.08,191.74,192.28,190.78,"9,644,500"
906,"Mar 17, 2021",193.44,196.19,191.78,195.24,193.71,"14,418,700"
907,"Mar 16, 2021",196.10,196.59,192.88,194.24,192.72,"9,680,700"
908,"Mar 15, 2021",198.54,198.54,194.81,196.76,195.22,"10,311,400"
909,"Mar 12, 2021",196.53,198.41,195.18,197.16,195.62,"13,249,100"
910,"Mar 11, 2021",197.38,199.05,195.40,196.75,195.21,"11,933,900"
911,"Mar 10, 2021",197.31,198.80,194.68,195.06,193.53,"13,662,100"
912,"Mar 9, 2021",200.19,201.70,194.37,194.51,192.99,"23,331,000"
913,"Mar 8, 2021",197.31,203.02,193.79,201.91,200.33,"25,093,200"
914,"Mar 5, 2021",189.15,190.57,183.34,189.99,188.50,"10,266,400"
915,"Mar 4, 2021",189.90,192.48,184.12,188.03,186.56,"12,542,600"
916,"Mar 3, 2021",194.63,196.81,192.21,192.26,190.76,"8,750,300"
917,"Mar 2, 2021",196.10,197.96,193.49,193.94,192.42,"8,371,400"
918,"Mar 1, 2021",193.23,196.90,191.39,194.98,193.45,"10,709,900"
919,"Feb 26, 2021",190.07,191.61,185.45,189.04,187.56,"15,844,000"
920,"Feb 25, 2021",197.73,197.96,190.38,190.98,189.49,"12,712,000"
921,"Feb 24, 2021",197.58,200.60,195.33,197.51,195.96,"16,205,900"
922,"Feb 23, 2021",193.59,198.94,188.66,197.09,195.55,"23,191,400"
923,"Feb 22, 2021",181.74,194.02,181.53,191.76,190.26,"18,799,600"
924,"Feb 19, 2021",184.27,184.78,182.79,183.65,182.21,"8,834,500"
925,"Feb 18, 2021",184.79,186.40,182.84,183.00,181.57,"12,380,900"
926,"Feb 17, 2021",185.36,187.63,182.16,186.44,184.98,"11,391,800"
927,"Feb 16, 2021",187.30,188.44,184.86,186.35,184.89,"11,630,700"
928,"Feb 12, 2021",193.00,193.85,186.56,187.67,186.20,"27,233,800"
929,"Feb 11, 2021",189.18,191.25,188.07,190.91,189.42,"17,507,900"
930,"Feb 10, 2021",189.98,190.70,185.81,189.63,188.15,"11,464,600"
931,"Feb 9, 2021",188.17,189.25,186.04,188.21,186.74,"11,270,800"
932,"Feb 8, 2021",183.85,190.64,183.30,190.00,188.51,"16,085,700"
933,"Feb 5, 2021",181.71,182.32,179.33,181.16,179.74,"6,640,500"
934,"Feb 4, 2021",177.59,181.38,176.49,180.23,178.82,"9,035,400"
935,"Feb 3, 2021",177.00,178.43,175.76,176.43,175.05,"5,508,600"
936,"Feb 2, 2021",173.77,179.76,172.80,176.96,175.58,"12,215,200"
937,"Feb 1, 2021",170.84,171.73,168.03,170.97,169.63,"8,140,400"
938,"Jan 29, 2021",168.80,169.81,165.79,168.17,166.85,"12,848,800"
939,"Jan 28, 2021",166.17,172.88,165.95,171.88,170.53,"14,449,100"
940,"Jan 27, 2021",165.01,166.34,160.52,163.03,161.75,"18,239,200"
941,"Jan 26, 2021",173.00,173.35,169.05,169.56,168.23,"7,523,200"
942,"Jan 25, 2021",171.89,173.11,168.77,171.89,170.54,"7,833,700"
943,"Jan 22, 2021",174.00,175.25,171.89,172.78,171.43,"9,517,200"
944,"Jan 21, 2021",173.24,175.00,171.02,171.28,169.94,"8,416,400"
945,"Jan 20, 2021",175.22,177.88,173.00,173.64,172.28,"9,809,200"
946,"Jan 19, 2021",172.10,173.71,171.44,172.26,170.91,"7,834,700"
947,"Jan 15, 2021",172.95,174.19,170.17,171.44,170.10,"12,232,500"
948,"Jan 14, 2021",177.01,178.35,173.40,173.43,172.07,"8,951,200"
949,"Jan 13, 2021",174.40,177.73,173.74,176.12,174.74,"6,839,500"
950,"Jan 12, 2021",177.30,178.32,174.86,175.99,174.61,"8,349,800"
951,"Jan 11, 2021",177.75,181.26,177.35,179.09,177.69,"6,461,300"
952,"Jan 8, 2021",178.81,180.02,176.60,178.69,177.29,"7,894,500"
953,"Jan 7, 2021",179.50,179.95,177.58,178.58,177.18,"7,300,800"
954,"Jan 6, 2021",178.32,181.61,177.28,179.12,177.72,"7,517,800"
955,"Jan 5, 2021",176.20,180.34,176.20,178.44,177.04,"7,771,800"
956,"Jan 4, 2021",182.26,182.59,174.73,177.68,176.29,"13,426,600"
957,"Dec 31, 2020",181.22,183.40,180.27,181.18,179.76,"7,073,500"
958,"Dec 30, 2020",178.50,183.40,178.37,181.17,179.75,"11,680,400"
959,"Dec 29, 2020",180.01,180.20,176.22,177.30,175.91,"6,875,400"
960,"Dec 28, 2020",175.75,179.92,175.05,178.86,177.46,"13,145,400"
961,"Dec 24, 2020",173.99,174.58,172.38,173.73,172.37,"2,721,000"
962,"Dec 23, 2020",172.96,175.95,172.30,173.55,172.19,"9,994,000"
963,"Dec 22, 2020",170.00,171.45,169.16,170.45,169.12,"6,419,200"
964,"Dec 21, 2020",170.09,171.94,168.19,170.69,169.35,"11,424,200"
965,"Dec 18, 2020",173.60,175.84,172.28,172.89,171.54,"21,172,100"
966,"Dec 17, 2020",173.82,174.84,171.96,173.55,172.19,"9,004,600"
967,"Dec 16, 2020",173.99,174.85,171.62,173.12,171.77,"11,105,800"
968,"Dec 15, 2020",170.49,174.47,167.82,173.94,172.58,"18,802,600"
969,"Dec 14, 2020",173.80,177.30,168.81,169.30,167.98,"30,939,400"
970,"Dec 11, 2020",169.68,179.45,165.33,175.72,174.34,"87,410,700"
971,"Dec 10, 2020",153.32,155.34,152.50,154.69,153.48,"8,993,200"
972,"Dec 9, 2020",156.29,157.46,153.89,154.43,153.22,"10,804,300"
973,"Dec 8, 2020",152.42,154.88,152.25,153.72,152.52,"7,900,600"
974,"Dec 7, 2020",153.18,153.88,152.26,153.68,152.48,"6,815,500"
975,"Dec 4, 2020",153.69,154.68,152.81,154.14,152.93,"6,033,300"
976,"Dec 3, 2020",153.45,154.44,152.13,153.24,152.04,"9,063,200"
977,"Dec 2, 2020",149.49,154.01,148.34,153.61,152.41,"10,601,900"
978,"Dec 1, 2020",149.57,151.40,149.00,149.44,148.27,"8,825,500"
979,"Nov 30, 2020",147.06,148.69,146.29,148.01,146.85,"9,710,100"
980,"Nov 27, 2020",149.00,150.35,146.53,147.13,145.98,"5,306,400"
981,"Nov 25, 2020",150.27,150.27,147.24,149.09,147.92,"9,552,000"
982,"Nov 24, 2020",148.16,151.86,147.85,151.49,150.30,"16,711,700"
983,"Nov 23, 2020",142.45,147.75,141.70,145.98,144.84,"12,887,000"
984,"Nov 20, 2020",141.71,142.61,140.86,141.07,139.97,"8,481,600"
985,"Nov 19, 2020",142.57,143.30,141.70,141.72,140.61,"8,892,500"
986,"Nov 18, 2020",144.50,145.48,143.35,143.90,142.77,"9,456,200"
987,"Nov 17, 2020",144.40,144.83,142.56,144.50,143.37,"9,354,900"
988,"Nov 16, 2020",141.57,144.74,141.57,144.67,143.54,"16,382,500"
989,"Nov 13, 2020",140.90,141.19,136.52,138.36,137.28,"21,062,300"
990,"Nov 12, 2020",136.34,138.49,134.10,135.52,134.46,"13,768,200"
991,"Nov 11, 2020",141.47,142.00,136.62,137.82,136.74,"9,600,900"
992,"Nov 10, 2020",139.97,142.37,137.67,142.11,141.00,"18,115,400"
993,"Nov 9, 2020",140.26,147.68,138.07,142.59,141.47,"35,634,700"
994,"Nov 6, 2020",126.26,128.04,124.61,127.46,126.46,"6,259,700"
995,"Nov 5, 2020",126.78,128.62,125.80,126.96,125.97,"7,654,800"
996,"Nov 4, 2020",123.58,126.86,123.41,125.07,124.09,"7,483,000"
997,"Nov 3, 2020",121.61,125.07,121.37,124.02,123.05,"8,144,900"
998,"Nov 2, 2020",122.24,122.93,119.81,120.13,119.19,"9,186,000"
999,"Oct 30, 2020",120.64,121.75,119.09,121.25,120.30,"8,090,200"
1000,"Oct 29, 2020",118.16,122.63,117.23,121.54,120.59,"9,583,700"
1001,"Oct 28, 2020",121.01,121.53,118.32,118.47,117.54,"11,654,700"
1002,"Oct 27, 2020",124.03,124.61,123.03,123.31,122.34,"6,813,800"
1003,"Oct 26, 2020",127.11,127.11,122.95,124.06,123.09,"8,578,900"
1004,"Oct 23, 2020",128.10,128.50,126.35,128.35,127.35,"5,439,900"
1005,"Oct 22, 2020",126.67,128.10,125.97,127.56,126.56,"5,177,700"
1006,"Oct 21, 2020",124.36,127.56,123.84,126.63,125.64,"6,591,500"
1007,"Oct 20, 2020",124.58,125.73,123.64,124.95,123.97,"6,161,200"
1008,"Oct 19, 2020",127.37,127.40,123.71,124.23,123.26,"6,576,900"
1009,"Oct 16, 2020",127.81,128.12,126.33,126.81,125.82,"6,291,700"
1010,"Oct 15, 2020",125.00,127.40,124.43,127.36,126.36,"7,744,000"
1011,"Oct 14, 2020",129.14,129.50,125.29,126.59,125.60,"11,531,500"
1012,"Oct 13, 2020",129.80,131.36,127.90,128.96,127.95,"22,389,000"
1013,"Oct 12, 2020",124.90,125.94,123.73,124.97,123.99,"10,958,200"
1014,"Oct 9, 2020",123.85,125.55,123.33,124.98,124.00,"11,502,200"
1015,"Oct 8, 2020",123.58,123.75,122.42,123.09,122.13,"7,404,600"
1016,"Oct 7, 2020",121.95,123.31,120.93,122.91,121.95,"10,187,800"
1017,"Oct 6, 2020",123.13,124.19,120.61,120.93,119.98,"9,052,000"
1018,"Oct 5, 2020",123.26,123.60,122.33,123.37,122.40,"5,919,200"
1019,"Oct 2, 2020",121.99,123.68,121.69,122.55,121.59,"6,490,200"
1020,"Oct 1, 2020",124.94,125.47,122.42,123.31,122.34,"8,908,300"
1021,"Sep 30, 2020",123.24,125.55,123.24,124.08,123.11,"13,642,500"
1022,"Sep 29, 2020",125.92,126.29,123.68,125.40,124.42,"7,405,800"
1023,"Sep 28, 2020",125.75,126.86,125.37,125.99,125.00,"6,283,700"
1024,"Sep 25, 2020",121.36,124.19,120.98,124.00,123.03,"6,851,800"
1025,"Sep 24, 2020",121.93,123.80,120.78,122.49,121.53,"8,480,000"
1026,"Sep 23, 2020",127.07,127.30,122.90,123.28,122.32,"8,323,600"
1027,"Sep 22, 2020",125.26,127.47,124.70,127.21,126.21,"6,978,800"
1028,"Sep 21, 2020",125.98,126.89,123.59,125.41,124.43,"10,352,700"
1029,"Sep 18, 2020",129.50,130.79,128.12,128.63,127.62,"9,916,300"
1030,"Sep 17, 2020",130.55,131.77,128.60,130.22,129.20,"6,723,500"
1031,"Sep 16, 2020",132.17,133.62,131.40,132.09,131.06,"6,601,000"
1032,"Sep 15, 2020",131.46,132.54,131.01,131.24,130.21,"7,289,100"
1033,"Sep 14, 2020",132.53,132.93,130.90,131.25,130.22,"8,391,900"
1034,"Sep 11, 2020",133.74,133.74,131.09,131.75,130.72,"7,165,300"
1035,"Sep 10, 2020",133.58,136.75,132.74,133.22,132.18,"9,853,400"
1036,"Sep 9, 2020",134.28,135.55,132.26,133.36,132.32,"8,891,800"
1037,"Sep 8, 2020",131.99,137.14,130.86,134.20,133.15,"17,257,300"
1038,"Sep 4, 2020",133.75,134.88,129.42,131.99,130.96,"11,248,300"
1039,"Sep 3, 2020",135.24,137.24,132.02,133.24,132.20,"12,079,200"
1040,"Sep 2, 2020",133.63,135.92,133.26,135.39,134.33,"8,187,800"
1041,"Sep 1, 2020",131.92,133.61,130.89,133.55,132.50,"7,351,200"
1042,"Aug 31, 2020",135.25,135.54,131.25,131.87,130.84,"11,617,500"
1043,"Aug 28, 2020",134.50,136.80,133.58,135.54,134.48,"11,020,100"
1044,"Aug 27, 2020",133.00,136.36,132.82,133.73,132.68,"13,667,600"
1045,"Aug 26, 2020",130.00,132.60,129.52,132.18,131.15,"8,447,800"
1046,"Aug 25, 2020",130.83,131.09,129.31,129.79,128.77,"5,494,400"
1047,"Aug 24, 2020",128.15,130.88,127.93,130.69,129.67,"7,613,600"
1048,"Aug 21, 2020",127.72,128.31,127.23,127.44,126.44,"6,064,700"
1049,"Aug 20, 2020",126.80,128.45,126.53,128.12,127.12,"4,918,100"
1050,"Aug 19, 2020",129.25,130.22,127.43,127.77,126.77,"7,624,200"
1051,"Aug 18, 2020",129.44,129.59,128.36,128.92,127.91,"6,714,600"
1052,"Aug 17, 2020",130.10,130.14,128.54,129.37,128.36,"7,492,200"
1053,"Aug 14, 2020",130.01,131.08,129.74,130.53,129.51,"6,507,600"
1054,"Aug 13, 2020",130.64,132.35,130.45,130.96,129.94,"6,468,600"
1055,"Aug 12, 2020",130.67,133.00,130.49,131.79,130.76,"12,204,200"
1056,"Aug 11, 2020",130.53,132.76,130.00,130.49,129.47,"13,885,700"
1057,"Aug 10, 2020",129.75,131.32,128.49,128.79,127.78,"8,529,200"
1058,"Aug 7, 2020",130.22,131.94,128.66,129.93,128.91,"16,088,600"
1059,"Aug 6, 2020",126.96,131.63,125.61,130.82,129.80,"27,238,000"
1060,"Aug 5, 2020",123.37,130.31,123.28,127.61,126.61,"53,000,200"
1061,"Aug 4, 2020",115.96,118.35,115.76,117.29,116.37,"17,293,900"
1062,"Aug 3, 2020",116.17,117.12,115.35,116.35,115.44,"10,229,200"
1063,"Jul 31, 2020",115.22,117.05,114.12,116.94,116.02,"9,601,000"
1064,"Jul 30, 2020",114.91,116.29,113.37,115.66,114.75,"9,713,500"
1065,"Jul 29, 2020",116.22,116.71,115.11,115.61,114.71,"9,496,500"
1066,"Jul 28, 2020",115.46,116.84,114.68,116.18,115.27,"6,821,100"
1067,"Jul 27, 2020",117.20,117.42,115.68,116.31,115.40,"9,413,000"
1068,"Jul 24, 2020",115.70,118.21,115.53,117.61,116.69,"8,233,300"
1069,"Jul 23, 2020",118.86,119.35,117.01,118.12,117.20,"7,255,800"
1070,"Jul 22, 2020",118.19,119.30,117.93,119.03,118.10,"7,063,300"
1071,"Jul 21, 2020",118.05,120.39,117.66,118.62,117.69,"8,946,300"
1072,"Jul 20, 2020",118.05,118.49,116.82,117.79,116.87,"8,947,900"
1073,"Jul 17, 2020",118.90,119.56,117.06,118.65,117.72,"9,843,500"
1074,"Jul 16, 2020",117.72,119.99,117.60,119.43,118.50,"10,210,100"
1075,"Jul 15, 2020",121.63,122.09,119.70,120.90,119.95,"15,314,200"
1076,"Jul 14, 2020",115.23,119.08,114.54,118.66,117.73,"12,425,100"
1077,"Jul 13, 2020",119.94,120.13,115.89,116.22,115.31,"15,620,200"
1078,"Jul 10, 2020",116.83,119.44,116.21,119.34,118.41,"14,207,900"
1079,"Jul 9, 2020",116.51,117.85,115.38,116.81,115.90,"13,582,900"
1080,"Jul 8, 2020",113.48,117.13,112.81,116.66,115.75,"13,629,500"
1081,"Jul 7, 2020",113.63,115.08,112.61,113.63,112.74,"10,836,500"
1082,"Jul 6, 2020",113.83,114.53,112.90,114.43,113.53,"11,933,400"
1083,"Jul 2, 2020",115.00,115.10,112.00,112.18,111.30,"10,312,000"
1084,"Jul 1, 2020",112.82,115.60,112.29,113.01,112.13,"11,930,900"
1085,"Jun 30, 2020",111.50,112.05,109.93,111.51,110.64,"10,565,900"
1086,"Jun 29, 2020",109.00,111.57,108.10,111.52,110.65,"12,584,300"
1087,"Jun 26, 2020",110.95,111.20,108.02,109.10,108.25,"15,270,900"
1088,"Jun 25, 2020",108.99,111.51,108.50,111.36,110.49,"17,240,400"
1089,"Jun 24, 2020",115.85,116.00,110.03,112.07,111.19,"22,252,500"
1090,"Jun 23, 2020",116.96,117.45,115.97,116.59,115.68,"10,187,600"
1091,"Jun 22, 2020",114.19,116.19,113.11,115.92,115.01,"12,868,000"
1092,"Jun 19, 2020",119.98,120.12,114.35,114.35,113.46,"23,496,300"
1093,"Jun 18, 2020",116.88,118.53,115.93,118.37,117.44,"9,577,300"
1094,"Jun 17, 2020",118.64,119.23,117.14,117.65,116.73,"8,921,600"
1095,"Jun 16, 2020",121.24,121.50,116.05,118.44,117.51,"12,951,200"
1096,"Jun 15, 2020",112.08,118.12,111.71,117.08,116.16,"14,156,400"
1097,"Jun 12, 2020",115.17,117.00,112.89,115.49,114.59,"18,361,900"
1098,"Jun 11, 2020",117.60,118.00,112.25,112.64,111.76,"26,078,800"
1099,"Jun 10, 2020",124.02,124.10,120.93,122.18,121.22,"11,497,100"
1100,"Jun 9, 2020",125.63,125.79,123.51,123.89,122.92,"10,882,800"
1101,"Jun 8, 2020",125.10,127.44,123.94,127.28,126.28,"13,858,100"
1102,"Jun 5, 2020",126.31,127.82,124.28,124.82,123.84,"16,581,600"
1103,"Jun 4, 2020",121.95,124.50,121.85,123.69,122.72,"14,195,100"
1104,"Jun 3, 2020",119.99,122.45,119.32,122.18,121.22,"12,584,300"
1105,"Jun 2, 2020",119.00,119.85,117.83,118.75,117.82,"10,753,100"
1106,"Jun 1, 2020",117.26,119.65,116.93,118.77,117.84,"10,538,300"
1107,"May 29, 2020",116.19,117.75,114.12,117.30,116.38,"17,745,100"
1108,"May 28, 2020",121.60,121.98,116.00,116.75,115.84,"18,606,000"
1109,"May 27, 2020",123.68,123.78,119.71,121.53,120.58,"19,345,400"
1110,"May 26, 2020",121.05,122.51,120.43,120.95,120.00,"16,466,400"
1111,"May 22, 2020",117.50,118.57,116.83,118.02,117.10,"9,288,200"
1112,"May 21, 2020",119.34,120.30,116.50,117.83,116.91,"17,578,300"
1113,"May 20, 2020",116.42,120.87,116.04,119.92,118.98,"25,749,900"
1114,"May 19, 2020",115.10,116.47,113.42,114.37,113.47,"20,332,600"
1115,"May 18, 2020",114.47,119.78,114.47,116.85,115.94,"40,044,600"
1116,"May 15, 2020",104.98,109.38,104.27,109.05,108.20,"29,766,000"
1117,"May 14, 2020",101.98,105.92,99.66,105.91,105.08,"22,002,200"
1118,"May 13, 2020",104.50,104.54,101.60,102.92,102.11,"21,085,800"
1119,"May 12, 2020",109.06,109.44,104.49,104.56,103.74,"17,049,700"
1120,"May 11, 2020",108.40,108.81,106.41,107.77,106.93,"20,555,900"
1121,"May 8, 2020",109.05,109.18,106.63,109.16,108.31,"24,079,700"
1122,"May 7, 2020",101.85,105.61,101.83,105.57,104.74,"20,868,800"
1123,"May 6, 2020",101.48,105.27,98.86,100.88,100.09,"51,992,400"
1124,"May 5, 2020",101.51,105.18,100.90,101.06,100.27,"30,169,800"
1125,"May 4, 2020",102.01,103.83,100.55,103.18,102.37,"19,514,800"
1126,"May 1, 2020",106.36,106.91,104.47,105.50,104.67,"13,209,100"
1127,"Apr 30, 2020",109.44,110.31,106.86,108.15,107.30,"18,638,700"
1128,"Apr 29, 2020",109.94,112.70,108.56,112.25,111.37,"20,139,800"
1129,"Apr 28, 2020",108.79,110.06,105.98,106.21,105.38,"16,503,700"
1130,"Apr 27, 2020",102.00,106.52,101.61,106.06,105.23,"15,518,300"
1131,"Apr 24, 2020",101.78,101.92,99.52,101.19,100.40,"13,614,100"
1132,"Apr 23, 2020",100.65,102.53,99.46,101.00,100.21,"17,132,200"
1133,"Apr 22, 2020",101.80,102.63,100.89,100.99,100.20,"11,463,800"
1134,"Apr 21, 2020",100.01,101.51,99.13,100.54,99.75,"16,101,400"
1135,"Apr 20, 2020",103.58,104.86,102.00,102.26,101.46,"17,021,000"
1136,"Apr 17, 2020",106.21,106.79,104.35,106.63,105.80,"17,926,900"
1137,"Apr 16, 2020",103.53,103.72,100.89,102.02,101.22,"18,029,300"
1138,"Apr 15, 2020",104.39,104.88,102.70,103.37,102.56,"14,157,600"
1139,"Apr 14, 2020",105.50,107.64,103.90,106.03,105.20,"19,866,900"
1140,"Apr 13, 2020",104.71,104.87,99.61,103.50,102.69,"17,306,000"
1141,"Apr 9, 2020",107.92,107.99,103.53,104.50,103.68,"31,453,600"
1142,"Apr 8, 2020",100.53,102.35,98.65,101.07,100.28,"22,562,500"
1143,"Apr 7, 2020",104.86,105.89,100.25,101.24,100.45,"22,899,600"
1144,"Apr 6, 2020",97.26,100.19,94.52,99.58,98.80,"20,407,400"
1145,"Apr 3, 2020",96.31,96.92,92.71,93.88,93.15,"14,814,600"
1146,"Apr 2, 2020",94.20,97.26,94.20,96.97,96.21,"13,936,500"
1147,"Apr 1, 2020",93.50,97.40,92.56,94.92,94.18,"18,303,900"
1148,"Mar 31, 2020",100.22,103.16,96.16,96.60,95.84,"21,563,200"
1149,"Mar 30, 2020",96.00,100.46,92.10,99.80,99.02,"23,119,200"
1150,"Mar 27, 2020",100.45,101.49,95.54,96.40,95.65,"30,591,500"
1151,"Mar 26, 2020",100.83,107.73,100.80,105.36,104.54,"24,520,300"
1152,"Mar 25, 2020",100.66,105.92,95.51,100.73,99.94,"28,533,000"
1153,"Mar 24, 2020",92.33,99.17,91.80,98.12,97.35,"32,538,100"
1154,"Mar 23, 2020",84.49,87.28,81.09,85.76,85.09,"32,246,600"
1155,"Mar 20, 2020",95.99,96.99,85.84,85.98,85.31,"31,957,800"
1156,"Mar 19, 2020",88.00,97.40,85.11,94.93,94.19,"30,866,800"
1157,"Mar 18, 2020",87.59,89.34,79.07,88.80,88.11,"43,592,500"
1158,"Mar 17, 2020",95.80,97.46,91.15,93.53,92.80,"27,526,200"
1159,"Mar 16, 2020",91.80,98.28,90.00,95.01,94.27,"35,379,500"
1160,"Mar 13, 2020",100.78,102.87,92.25,102.52,101.72,"40,960,100"
1161,"Mar 12, 2020",97.62,100.00,91.64,91.81,91.09,"40,392,900"
1162,"Mar 11, 2020",108.42,108.90,102.86,105.51,104.68,"24,771,300"
1163,"Mar 10, 2020",108.10,111.58,102.43,111.46,110.59,"24,083,700"
1164,"Mar 9, 2020",108.69,110.43,104.28,104.35,103.53,"26,233,600"
1165,"Mar 6, 2020",110.76,115.87,110.32,115.27,114.37,"22,899,600"
1166,"Mar 5, 2020",116.86,116.96,112.11,113.98,113.09,"22,397,200"
1167,"Mar 4, 2020",118.96,119.24,115.48,119.18,118.25,"13,842,100"
1168,"Mar 3, 2020",121.15,121.78,115.15,116.45,115.54,"19,529,700"
1169,"Mar 2, 2020",119.13,119.98,116.03,119.98,119.04,"21,775,900"
1170,"Feb 28, 2020",114.51,118.31,113.21,117.65,116.73,"35,389,900"
1171,"Feb 27, 2020",119.81,122.90,117.92,118.04,117.12,"30,827,500"
1172,"Feb 26, 2020",126.12,128.37,122.13,123.36,122.39,"31,195,900"
1173,"Feb 25, 2020",133.75,133.94,127.98,128.19,127.19,"21,032,500"
1174,"Feb 24, 2020",132.90,134.44,131.21,133.01,131.97,"19,336,500"
1175,"Feb 21, 2020",139.86,139.88,138.58,138.97,137.88,"7,725,800"
1176,"Feb 20, 2020",141.63,141.63,138.85,140.37,139.27,"5,981,700"
1177,"Feb 19, 2020",139.63,141.87,139.23,141.30,140.19,"7,080,900"
1178,"Feb 18, 2020",139.02,139.66,138.10,139.14,138.05,"8,214,900"
1179,"Feb 14, 2020",141.10,141.28,139.13,139.54,138.45,"9,110,500"
1180,"Feb 13, 2020",141.17,141.90,140.82,140.90,139.80,"7,543,100"
1181,"Feb 12, 2020",141.34,142.22,140.87,141.85,140.74,"8,168,200"
1182,"Feb 11, 2020",142.85,142.99,140.46,141.01,139.91,"10,790,100"
1183,"Feb 10, 2020",141.03,142.59,140.46,142.59,141.47,"8,162,100"
1184,"Feb 7, 2020",141.89,141.99,140.12,141.02,139.92,"10,948,900"
1185,"Feb 6, 2020",141.92,143.95,141.22,142.70,141.58,"9,504,600"
1186,"Feb 5, 2020",146.60,147.30,138.57,141.37,140.26,"27,824,100"
1187,"Feb 4, 2020",145.49,145.59,143.25,144.73,143.60,"23,519,700"
1188,"Feb 3, 2020",139.79,141.82,139.75,141.32,140.21,"12,639,900"
1189,"Jan 31, 2020",138.40,138.67,137.06,138.31,137.23,"12,379,100"
1190,"Jan 30, 2020",135.09,137.85,134.83,137.81,136.73,"11,847,300"
1191,"Jan 29, 2020",138.60,138.68,135.79,136.06,135.00,"9,382,700"
1192,"Jan 28, 2020",136.50,138.93,135.86,138.37,137.29,"10,390,000"
1193,"Jan 27, 2020",135.86,137.73,135.00,135.90,134.84,"12,831,800"
1194,"Jan 24, 2020",141.40,142.25,139.20,140.08,138.98,"13,076,300"
1195,"Jan 23, 2020",143.60,143.61,140.65,142.20,141.09,"11,082,000"
1196,"Jan 22, 2020",144.45,144.79,143.54,144.01,142.88,"7,550,000"
1197,"Jan 21, 2020",144.24,144.59,143.01,143.56,142.44,"9,250,200"
1198,"Jan 17, 2020",145.54,145.64,144.01,144.33,143.20,"10,355,300"
1199,"Jan 16, 2020",145.09,145.43,144.44,145.12,143.98,"6,948,400"
1200,"Jan 15, 2020",145.71,145.71,143.93,144.32,143.19,"6,818,200"
1201,"Jan 14, 2020",143.41,146.72,142.29,145.20,144.06,"14,839,100"
1202,"Jan 13, 2020",144.75,144.75,143.36,143.88,142.75,"9,921,300"
1203,"Jan 10, 2020",145.30,145.50,144.26,144.62,143.49,"5,152,500"
1204,"Jan 9, 2020",146.47,146.63,144.61,144.83,143.70,"6,664,200"
1205,"Jan 8, 2020",145.49,146.13,144.82,145.40,144.26,"6,984,200"
1206,"Jan 7, 2020",145.99,146.87,145.42,145.70,144.56,"6,906,500"
1207,"Jan 6, 2020",145.54,146.03,144.31,145.65,144.51,"8,262,500"
1208,"Jan 3, 2020",146.40,147.90,146.05,146.50,145.35,"7,320,200"
1209,"Jan 2, 2020",145.29,148.20,145.10,148.20,147.04,"9,502,100"
1210,"Dec 31, 2019",143.67,144.77,143.26,144.63,143.50,"5,662,900"
1211,"Dec 30, 2019",145.75,145.87,143.40,143.77,142.64,"6,602,800"
1212,"Dec 27, 2019",146.05,146.51,145.45,145.75,144.61,"5,495,300"
1213,"Dec 26, 2019",145.40,145.86,145.17,145.70,144.56,"4,422,000"
1214,"Dec 24, 2019",144.58,145.43,144.45,145.29,144.15,"3,508,500"
1215,"Dec 23, 2019",145.91,146.33,144.33,144.68,143.55,"9,314,000"
1216,"Dec 20, 2019",147.15,147.88,145.77,146.88,145.73,"12,629,900"
1217,"Dec 19, 2019",146.18,146.80,145.32,146.15,145.01,"10,243,900"
1218,"Dec 18, 2019",147.77,147.95,146.19,146.26,145.12,"9,467,800"
1219,"Dec 17, 2019",148.10,148.46,147.62,147.73,146.57,"8,776,100"
1220,"Dec 16, 2019",147.59,148.65,146.55,148.46,147.30,"9,134,400"
1221,"Dec 13, 2019",0.88Dividend,,,,,
1222,"Dec 13, 2019",147.43,147.80,146.31,146.38,145.23,"9,350,100"
1223,"Dec 12, 2019",147.92,148.93,147.25,147.76,145.73,"7,748,300"
1224,"Dec 11, 2019",147.39,147.89,146.76,147.59,145.56,"8,253,700"
1225,"Dec 10, 2019",145.26,146.85,145.05,146.10,144.09,"7,084,100"
1226,"Dec 9, 2019",147.96,148.51,145.40,146.21,144.20,"11,515,000"
1227,"Dec 6, 2019",148.40,148.61,147.18,147.66,145.63,"7,084,900"
1228,"Dec 5, 2019",148.69,148.83,147.10,147.44,145.41,"7,363,300"
1229,"Dec 4, 2019",149.30,149.33,148.18,148.28,146.24,"7,684,800"
1230,"Dec 3, 2019",147.74,149.11,146.87,148.58,146.54,"9,273,800"
1231,"Dec 2, 2019",152.94,152.97,149.10,150.62,148.55,"10,351,000"
1232,"Nov 29, 2019",151.48,152.47,151.01,151.58,149.50,"6,284,900"
1233,"Nov 27, 2019",152.30,152.57,151.15,151.48,149.40,"6,155,400"
1234,"Nov 26, 2019",151.75,153.41,150.61,151.64,149.56,"24,949,900"
1235,"Nov 25, 2019",148.80,150.21,147.70,149.69,147.63,"11,316,800"
1236,"Nov 22, 2019",147.21,149.44,146.68,148.29,146.25,"9,639,400"
1237,"Nov 21, 2019",147.16,147.47,146.26,146.90,144.88,"6,241,400"
1238,"Nov 20, 2019",148.09,148.99,146.03,146.93,144.91,"9,448,400"
1239,"Nov 19, 2019",148.18,149.48,146.80,148.38,146.34,"11,504,300"
1240,"Nov 18, 2019",144.75,149.04,143.69,147.65,145.62,"15,353,100"
1241,"Nov 15, 2019",147.14,147.20,144.21,144.67,142.68,"13,733,400"
1242,"Nov 14, 2019",148.00,150.63,146.28,147.15,145.13,"28,393,600"
1243,"Nov 13, 2019",138.58,149.92,136.84,148.72,146.68,"45,725,400"
1244,"Nov 12, 2019",138.03,139.34,136.74,138.58,136.68,"17,284,000"
1245,"Nov 11, 2019",137.50,138.56,136.21,136.74,134.86,"10,138,400"
1246,"Nov 8, 2019",140.22,140.25,136.74,137.96,136.07,"24,175,900"
1247,"Nov 7, 2019",132.35,133.70,131.75,132.96,131.13,"18,047,600"
1248,"Nov 6, 2019",131.60,131.66,130.66,131.27,129.47,"9,132,500"
1249,"Nov 5, 2019",132.77,132.77,130.89,131.45,129.64,"7,404,500"
1250,"Nov 4, 2019",134.12,134.14,132.47,132.92,131.09,"7,631,800"
1251,"Nov 1, 2019",130.99,132.80,130.51,132.75,130.93,"8,507,600"
1252,"Oct 31, 2019",129.53,130.15,128.75,129.92,128.14,"9,628,300"
1253,"Oct 30, 2019",129.69,130.31,129.15,129.60,127.82,"10,880,000"
1254,"Oct 29, 2019",130.50,130.77,129.44,129.48,127.70,"9,305,100"
1255,"Oct 28, 2019",131.45,132.08,130.14,130.53,128.74,"8,940,300"
1256,"Oct 25, 2019",130.50,131.76,130.03,130.90,129.10,"6,696,000"
1257,"Oct 24, 2019",131.52,131.70,129.63,130.26,128.47,"5,746,300"
1258,"Oct 23, 2019",132.45,132.68,130.76,131.13,129.33,"5,970,800"
1259,"Oct 22, 2019",133.15,133.68,132.10,132.40,130.58,"9,291,600"
1260,"Oct 21, 2019",131.44,131.73,130.02,130.26,128.47,"6,257,100"
1261,"Oct 18, 2019",132.37,133.16,130.89,130.89,129.09,"8,694,000"
